ID,CFR_prediction,gold,rawLevenshteinED,phonemewiseLevenshteinED,featureED,pred_phone_length,gold_phone_length
0,/blˈed̪/,/blˈed̪o/,1,0.2,0.7884615384615384,4,5
1,/blˈɑn̪d̪o/,/blˈɑn̪d̪o/,0,0.0,0.0,6,6
2,/blɑn̪d̪ˈed̪iɑ/,/blɑn̪d̪ˈeθɑ/,2,0.25,0.6538461538461539,9,8
3,/bɾˈiθjo/,/bɾˈɑθo/,2,0.4,0.7307692307692307,6,5
4,/bɾˈɑɡɑ/,/bɾˈɑɡɑ/,0,0.0,0.0,5,5
5,/bɾeθiˈɑl/,/bɾɑθˈɑl/,2,0.3333333333333333,0.7307692307692307,7,6
6,/bɾiθjuˈel/,/bɾɑθwˈelo/,4,0.5,1.2692307692307692,8,8
7,/bˈiʎo/,/bˈeʝo/,2,0.5,0.11538461538461539,4,4
8,/bjˈen̪/,/bjˈen̪/,0,0.0,0.0,4,4
9,/bˈebɾɑ/,/bɾˈebɑ/,2,0.4,0.8076923076923077,5,5
10,/bwˈen̪/,/bwˈen̪o/,1,0.2,0.7307692307692307,4,5
11,/bweˈe/,/bwˈej/,2,0.5,0.19230769230769232,4,4
12,/bwˈiθjo/,/bˈoθo/,3,0.75,1.3076923076923077,6,4
13,/bˈokɑ/,/bˈokɑ/,0,0.0,0.0,4,4
14,/bˈorlɑ/,/bˈoɾlɑ/,1,0.2,0.057692307692307696,5,5
15,/bˈɑjxo/,/bˈɑʝo/,2,0.5,0.5576923076923077,5,4
16,/bˈeɡɑ/,/bˈeɡɑ/,0,0.0,0.0,4,4
17,/bˈobo/,/bˈobo/,0,0.0,0.0,4,4
18,/bˈolˈest̪ɑ/,/bɑʝˈest̪ɑ/,2,0.2857142857142857,0.4423076923076923,7,7
19,/bˈoɲo/,/bˈɑɲo/,1,0.25,0.11538461538461539,4,4
20,/bˈɑɾbɑ/,/bˈɑɾbɑ/,0,0.0,0.0,5,5
21,/bˈeso/,/bˈeso/,0,0.0,0.0,4,4
22,/bˈɑso/,/bˈɑxo/,1,0.25,0.21153846153846154,4,4
23,/bˈɑt̪o/,/bˈɑt̪o/,0,0.0,0.0,4,4
24,/bjelˈen̪io/,/belˈeɲo/,3,0.5,1.1346153846153846,8,6
25,/bwen̪t̪ˈɑd̪/,/bon̪d̪ˈɑd̪/,3,0.5,0.7307692307692307,7,6
26,/borˈɑɲi/,/borˈen̪/,3,0.6,0.7692307692307693,6,5
27,/bɑɾbˈiʎɑ/,/bɑɾbˈiʝɑ/,1,0.14285714285714285,0.07692307692307693,7,7
28,/bɑɾbˈelɑ/,/bɑɾbˈɑxɑ/,2,0.2857142857142857,0.40384615384615385,7,7
29,/bɑsiˈɑɾ/,/besˈɑɾ/,2,0.4,0.7692307692307693,6,5
30,/bɑsiˈɑɾ/,/bɑxˈɑɾ/,2,0.4,0.8653846153846154,6,5
31,/bokˈɑl/,/bokˈɑl/,0,0.0,0.0,5,5
32,/kweɾd̪ˈɑɾjo/,/koɾd̪ˈeɾo/,4,0.5714285714285714,1.3653846153846154,9,7
33,/koɲˈɑd̪/,/kuɲˈɑd̪o/,2,0.3333333333333333,0.8269230769230769,5,6
34,/d̪ˈemo/,/d̪jˈeθmo/,2,0.3333333333333333,1.0,4,6
35,/d̪ˈɑɲo/,/d̪ˈɑɲo/,0,0.0,0.0,4,4
36,/d̪juˈeso/,/ʝˈuso/,4,1.0,1.3653846153846154,6,4
37,/d̪wˈemt̪o/,/d̪wˈen̪d̪o/,2,0.3333333333333333,0.1346153846153846,6,6
38,/d̪ɾɑɡˈon̪/,/d̪ɾɑɡˈon̪/,0,0.0,0.0,6,6
39,/d̪wˈiθje/,/d̪ˈoθe/,3,0.75,1.1538461538461537,6,4
40,/xˈin̪d̪e/,/d̪ˈen̪d̪e/,2,0.4,0.3076923076923077,5,5
41,/xˈin̪t̪ɾo/,/d̪ˈen̪t̪ɾo/,2,0.3333333333333333,0.3076923076923077,6,6
42,/d̪ˈiθje/,/d̪jˈeθ/,4,1.0,1.1153846153846154,5,4
43,/d̪iθjˈembɾe/,/d̪iθjˈembɾe/,0,0.0,0.0,9,9
44,/d̪jˈest̪ɾo/,/d̪jˈest̪ɾo/,0,0.0,0.0,7,7
45,/d̪jˈest̪ɾɑ/,/d̪jˈest̪ɾɑ/,0,0.0,0.0,7,7
46,/d̪ˈen̪t̪e/,/d̪jˈen̪t̪e/,1,0.16666666666666666,0.4423076923076923,5,6
47,/xjˈos/,/d̪jˈos/,1,0.25,0.2692307692307692,4,4
48,/d̪ˈeed̪ɑ/,/d̪ˈewd̪ɑ/,1,0.2,0.2692307692307692,5,5
49,/d̪ˈi/,/d̪ˈi/,0,0.0,0.0,2,2
50,/d̪ˈiθje/,/d̪ˈiθe/,1,0.25,0.4230769230769231,5,4
51,/d̪ˈet͡ʃo/,/d̪ˈit͡ʃo/,1,0.25,0.038461538461538464,4,4
52,/d̪ˈeed̪/,/d̪ˈed̪o/,2,0.5,0.8076923076923077,4,4
53,/d̪wˈet͡ʃo/,/d̪ˈut͡ʃo/,2,0.5,0.7115384615384616,5,4
54,/d̪wˈel/,/d̪wˈelo/,1,0.2,0.7307692307692307,4,5
55,/d̪wˈeɲo/,/d̪wˈeɲo/,0,0.0,0.0,5,5
56,/d̪wˈeɲɑ/,/d̪ˈoɲɑ/,2,0.5,0.5961538461538461,5,4
57,/d̪wˈeɲɑ/,/d̪wˈeɲɑ/,0,0.0,0.0,5,5
58,/d̪ˈuɾjo/,/d̪wˈeɾo/,3,0.6,0.6923076923076923,5,5
59,/d̪wˈiθje/,/d̪ˈulθe/,3,0.6,0.8461538461538461,6,5
60,/d̪ˈos/,/d̪ˈos/,0,0.0,0.0,3,3
61,/d̪ˈoble/,/d̪ˈoble/,0,0.0,0.0,5,5
62,/d̪wˈid̪ɑ/,/d̪ˈud̪ɑ/,2,0.5,0.7115384615384616,5,4
63,/d̪ˈuɾ/,/d̪ˈuɾo/,1,0.25,0.75,3,4
64,/d̪jebˈesɑ/,/d̪eˈesɑ/,2,0.4,1.1346153846153846,7,5
65,/d̪emˈɑɾ/,/d̪eθmˈɑɾ/,1,0.16666666666666666,0.5576923076923077,5,6
66,/d̪jelɡˈɑd̪/,/d̪elɡˈɑd̪o/,2,0.2857142857142857,1.2307692307692308,7,7
67,/d̪elˈet͡ʃo/,/d̪elˈit̪o/,2,0.3333333333333333,0.19230769230769232,6,6
68,/d̪eed̪ˈoɾ/,/d̪eud̪ˈoɾ/,1,0.16666666666666666,0.19230769230769232,6,6
69,/d̪elɡˈɑd̪/,/d̪elɡˈɑd̪o/,1,0.14285714285714285,0.7884615384615384,6,7
70,/d̪in̪ˈɑɾjo/,/d̪in̪ˈeɾo/,2,0.3333333333333333,0.6730769230769231,7,6
71,/d̪ezd̪ɾˈɑɾ/,/d̪eseˈɑɾ/,3,0.5,0.5769230769230769,7,6
72,/d̪espˈet͡ʃo/,/d̪espˈet͡ʃo/,0,0.0,0.0,7,7
73,/d̪espoliˈɑɾ/,/d̪espoxˈɑɾ/,2,0.25,0.8653846153846154,9,8
74,/d̪esɑŋɡn̪ˈɑɾ/,/d̪esɑn̪ɡɾˈɑɾ/,2,0.2222222222222222,0.3076923076923077,9,9
75,/d̪isˈexo/,/d̪esˈeo/,2,0.4,0.6923076923076923,6,5
76,/d̪isjˈeɾt̪o/,/d̪esjˈeɾt̪o/,1,0.125,0.038461538461538464,8,8
77,/d̪esˈeɲo/,/d̪isˈeɲo/,1,0.16666666666666666,0.038461538461538464,6,6
78,/d̪eˈel/,/d̪ifˈiθil/,5,0.7142857142857143,2.3846153846153846,4,7
79,/d̪et͡ʃˈɑd̪/,/d̪et͡ʃˈɑd̪o/,1,0.16666666666666666,0.7884615384615384,5,6
80,/d̪est̪ɑliˈɑɾ/,/d̪est̪ɑxˈɑɾ/,2,0.25,0.8653846153846154,9,8
81,/xjˈoɾn̪ˈɑl/,/xoɾn̪ˈɑl/,2,0.3333333333333333,0.5576923076923077,7,6
82,/xjˈoɾn̪ˈɑd̪ɑ/,/xoɾn̪ˈɑd̪ɑ/,2,0.2857142857142857,0.5576923076923077,8,7
83,/d̪eed̪ˈɑl/,/d̪ed̪ˈɑl/,1,0.2,0.36538461538461536,6,5
84,/d̪eθˈiɾ/,/d̪eθˈiɾ/,0,0.0,0.0,5,5
85,/d̪iɾˈet͡ʃo/,/d̪eɾˈet͡ʃo/,1,0.16666666666666666,0.038461538461538464,6,6
86,/d̪eˈin̪/,/d̪ibˈin̪o/,3,0.5,1.5384615384615385,4,6
87,/d̪welˈoɾ/,/d̪olˈoɾ/,2,0.4,0.6923076923076923,6,5
88,/d̪omˈin̪ɡo/,/d̪omˈin̪ɡo/,0,0.0,0.0,7,7
89,/d̪wid̪ˈɑɾ/,/d̪ud̪ˈɑɾ/,2,0.4,0.7115384615384616,6,5
90,/d̪oɾˈed̪iɑ/,/d̪uɾˈeθɑ/,3,0.5,0.6923076923076923,7,6
91,/d̪uɾˈen̪/,/d̪uɾˈɑθn̪o/,3,0.42857142857142855,1.3461538461538463,5,7
92,/ʎwˈeko/,/flˈeko/,2,0.4,0.6538461538461539,5,5
93,/ʎˈoɾ/,/flˈoɾ/,2,0.5,0.7115384615384616,3,4
94,/ʎwˈixo/,/flˈoxo/,3,0.6,0.8461538461538461,5,5
95,/ʎˈiθjed̪/,/lˈɑθjo/,4,0.8,1.0961538461538463,6,5
96,/ʎˈɑmɑ/,/ʝˈɑmɑ/,1,0.25,0.07692307692307693,4,4
97,/fɾˈit͡ʃo/,/fɾˈit̪o/,1,0.2,0.15384615384615385,5,5
98,/fɾˈixjed̪/,/fɾˈio/,4,1.0,1.5961538461538463,7,4
99,/fɾˈiɡs/,/fɾˈio/,2,0.5,0.9230769230769231,5,4
100,/fɾˈon̪t̪e/,/fɾˈen̪t̪e/,1,0.16666666666666666,0.15384615384615385,6,6
101,/fɾˈit͡ʃo/,/fɾˈut͡ʃo/,1,0.2,0.15384615384615385,5,5
102,/fɾˈeɡɑ/,/fɾˈɑɡwɑ/,2,0.3333333333333333,0.5769230769230769,5,6
103,/fɾˈɑzn̪o/,/fɾˈesn̪o/,2,0.3333333333333333,0.15384615384615385,6,6
104,/fɾeɡˈɑɾ/,/fɾeɡˈɑɾ/,0,0.0,0.0,6,6
105,/fɾixjuˈel/,/fɾiswˈelo/,4,0.5,1.3269230769230769,8,8
106,/fɾet͡ʃiˈɑɾ/,/fɾiθˈɑɾ/,3,0.5,0.8461538461538461,7,6
107,/fjˈebɾe/,/fjˈebɾe/,0,0.0,0.0,6,6
108,/ˈeθi/,/ˈiθe/,2,0.6666666666666666,0.07692307692307693,3,3
109,/fjˈel/,/ʝˈel/,2,0.6666666666666666,0.6730769230769231,4,3
110,/fjˈer/,/ʝˈero/,3,0.75,0.9615384615384616,4,4
111,/fjˈeɾɑ/,/fjˈeɾɑ/,0,0.0,0.0,5,5
112,/ˈeɲɑ/,/ˈembɾɑ/,3,0.6,0.9230769230769231,3,5
113,/ˈen̪/,/ˈen̪o/,1,0.3333333333333333,0.7307692307692307,2,3
114,/ˈebɾɑ/,/ˈebɾɑ/,0,0.0,0.0,4,4
115,/ˈee/,/fˈe/,2,1.0,0.4423076923076923,2,2
116,/ˈiɡo/,/ˈiɡo/,0,0.0,0.0,3,3
117,/ˈil/,/ˈilo/,1,0.3333333333333333,0.7307692307692307,2,3
118,/ˈixo/,/fˈixo/,1,0.25,0.6923076923076923,3,4
119,/ˈit͡ʃo/,/ˈit̪o/,1,0.3333333333333333,0.15384615384615385,3,3
120,/ˈixo/,/ˈixo/,0,0.0,0.0,3,3
121,/ˈeliɑ/,/ˈixɑ/,3,1.0,0.8269230769230769,4,3
122,/ˈin̪/,/fˈin̪/,1,0.3333333333333333,0.6923076923076923,2,3
123,/ˈed̪/,/fˈeo/,2,0.6666666666666666,1.0961538461538463,2,3
124,/fwˈeɡo/,/fwˈeɡo/,0,0.0,0.0,5,5
125,/ˈoliɑ/,/ˈoxɑ/,2,0.6666666666666666,0.7884615384615384,4,3
126,/fwˈel/,/fwˈeʝe/,2,0.4,0.7307692307692307,4,5
127,/ˈon̪t̪e/,/fwˈen̪t̪e/,3,0.5,1.3076923076923077,4,6
128,/fwˈeɾt̪e/,/fwˈeɾt̪e/,0,0.0,0.0,6,6
129,/ˈoɾt̪iɑ/,/fwˈeɾθɑ/,5,0.8333333333333334,1.5576923076923077,5,6
130,/fwiˈɑ/,/oʝɑ/,4,1.3333333333333333,0.9807692307692307,4,3
131,/ˈoɾmɑ/,/ˈoɾmɑ/,0,0.0,0.0,4,4
132,/ˈun̪d̪o/,/fˈon̪d̪o/,2,0.4,0.6923076923076923,4,5
133,/ˈun̪d̪ɑ/,/ˈon̪d̪ɑ/,1,0.25,0.038461538461538464,4,4
134,/ˈuŋɡo/,/ˈon̪ɡo/,2,0.5,0.21153846153846154,4,4
135,/ˈoɾkɑ/,/ˈoɾkɑ/,0,0.0,0.0,4,4
136,/ˈoɾn̪o/,/ˈoɾn̪o/,0,0.0,0.0,4,4
137,/ˈuɾn̪eθ/,/oɾn̪ˈɑθo/,3,0.5,1.0769230769230769,5,6
138,/ˈumo/,/umo/,1,0.3333333333333333,0.07692307692307693,3,3
139,/ˈuɾt̪o/,/ˈuɾt̪o/,0,0.0,0.0,4,4
140,/ˈɑblɑ/,/ˈɑblɑ/,0,0.0,0.0,4,4
141,/ˈɑɑ/,/ˈɑbɑ/,1,0.3333333333333333,0.7692307692307693,2,3
142,/ˈɑθje/,/ˈɑθ/,2,1.0,0.8076923076923077,4,2
143,/ˈɑθje/,/ˈɑθe/,1,0.3333333333333333,0.4230769230769231,4,3
144,/ˈet͡ʃo/,/ˈet͡ʃo/,0,0.0,0.0,3,3
145,/ˈet͡ʃɑ/,/fˈet͡ʃɑ/,1,0.25,0.6538461538461539,3,4
146,/ˈuθje/,/ˈoθ/,3,1.5,0.8461538461538461,4,2
147,/ˈɑɲe/,/ˈɑmbɾe/,3,0.6,0.8846153846153846,3,5
148,/ˈɑθje/,/ˈɑθ/,2,1.0,0.8076923076923077,4,2
149,/ˈɑθjes/,/ˈɑθes/,1,0.25,0.4230769230769231,5,4
150,/ˈɑθiɑ/,/ˈɑθɑ/,1,0.3333333333333333,0.5384615384615384,4,3
151,/ˈɑjxiɑ/,/ˈɑʝɑ/,3,1.0,1.0,5,3
152,/en̪ˈil/,/en̪ˈil/,0,0.0,0.0,4,4
153,/fjerˈɑɾjo/,/erˈeɾo/,4,0.8,1.7307692307692308,8,5
154,/fjeɾbˈen̪t̪e/,/iɾbjˈen̪t̪e/,4,0.5,1.4615384615384615,9,8
155,/in̪wˈel/,/in̪ˈoxo/,3,0.6,0.8269230769230769,5,5
156,/ed̪ˈeɾ/,/ed̪ˈeɾ/,0,0.0,0.0,4,4
157,/eˈel/,/fjˈel/,2,0.5,0.7307692307692307,3,4
158,/eɡˈɑd̪/,/iɡˈɑd̪o/,2,0.4,0.8269230769230769,4,5
159,/elˈet͡ʃo/,/elˈet͡ʃo/,0,0.0,0.0,5,5
160,/iɡˈɑɾiɑ/,/iɡˈeɾɑ/,2,0.4,0.6346153846153846,6,5
161,/iljuˈel/,/ixwˈelo/,4,0.6666666666666666,1.4038461538461537,6,6
162,/fweɡˈɑɾ/,/oɡˈɑɾ/,3,0.75,1.3461538461538463,6,4
163,/fweɡˈɑɾiɑ/,/oɡˈeɾɑ/,5,1.0,1.9807692307692308,8,5
164,/oɾmˈiɡɑ/,/oɾmˈiɡɑ/,0,0.0,0.0,6,6
165,/oɾˈɑɲo/,/uɾˈɑɲo/,1,0.2,0.038461538461538464,5,5
166,/oɾmˈoso/,/eɾmˈoso/,1,0.16666666666666666,0.15384615384615385,6,6
167,/fwelɡˈɑɾ/,/olɡˈɑɾ/,3,0.6,1.3076923076923077,7,5
168,/olˈeɲi/,/oʝˈin̪/,4,1.0,0.9423076923076923,5,4
169,/umjˈɑɾ/,/umeˈɑɾ/,1,0.2,0.11538461538461539,5,5
170,/ɑblˈɑɾ/,/ɑblˈɑɾ/,0,0.0,0.0,5,5
171,/et͡ʃˈiθ/,/et͡ʃˈiθo/,1,0.2,0.7692307692307693,4,5
172,/et͡ʃˈuɾɑ/,/et͡ʃˈuɾɑ/,0,0.0,0.0,5,5
173,/oθˈin̪/,/oθˈin̪o/,1,0.2,0.7307692307692307,4,5
174,/ɑmˈelɡo/,/xɑmˈelɡo/,1,0.14285714285714285,0.5384615384615384,6,7
175,/ɑɾn̪ˈɑɾjo/,/ɑɾn̪ˈeɾo/,2,0.3333333333333333,0.6730769230769231,7,6
176,/ɑɾˈin̪ɑ/,/ɑɾˈin̪ɑ/,0,0.0,0.0,5,5
177,/ɑst̪ˈixo/,/ɑst̪ˈio/,1,0.2,0.6153846153846154,6,5
178,/jˈed̪ɾɑ/,/ʝˈed̪ɾɑ/,1,0.2,0.09615384615384616,5,5
179,/wˈe/,/ˈoj/,2,1.0,0.23076923076923078,2,2
180,/wˈeɲe/,/ˈombɾe/,4,0.8,0.9423076923076923,4,5
181,/wˈeɾt̪o/,/wˈeɾt̪o/,0,0.0,0.0,5,5
182,/wˈeswt̪e/,/wˈesped̪/,3,0.5,1.1153846153846154,6,6
183,/wˈest̪e/,/wˈest̪e/,0,0.0,0.0,5,5
184,/ˈoɾɑ/,/ˈoɾɑ/,0,0.0,0.0,3,3
185,/ˈombɾo/,/ˈombɾo/,0,0.0,0.0,5,5
186,/ˈɑbwe/,/ˈobe/,2,0.6666666666666666,0.6923076923076923,4,3
187,/eɾeed̪ˈɑɾ/,/eɾed̪ˈɑɾ/,1,0.16666666666666666,0.3269230769230769,7,6
188,/espˈɑn̪iɑ/,/espˈɑɲɑ/,2,0.3333333333333333,0.6730769230769231,7,6
189,/wen̪ˈoɾ/,/on̪ˈoɾ/,2,0.5,0.6923076923076923,5,4
190,/oɾd̪juˈel/,/oɾθwˈelo/,4,0.5714285714285714,1.2115384615384615,7,7
191,/weswt̪ˈɑl/,/ost̪ˈɑl/,3,0.6,1.6346153846153846,7,5
192,/ɑmiθjuˈel/,/ɑn̪θwˈelo/,5,0.7142857142857143,1.9230769230769231,8,7
193,/jˈɑn̪oɑ/,/xˈɑmbɑ/,3,0.6,0.6538461538461539,5,5
194,/jˈeɾbɑ/,/ʝˈeɾbɑ/,1,0.2,0.09615384615384616,5,5
195,/jwˈeɡo/,/xwˈeɡo/,1,0.2,0.21153846153846154,5,5
196,/jwˈes/,/xwˈebes/,3,0.5,1.4423076923076923,4,6
197,/jwˈit͡ʃo/,/xˈun̪t̪o/,4,0.8,0.7884615384615384,5,5
198,/jwˈit͡ʃɑ/,/xˈun̪t̪ɑ/,4,0.8,0.7884615384615384,5,5
199,/jwˈiθje/,/xwˈeθ/,4,1.0,1.0576923076923077,6,4
200,/jˈuŋko/,/xˈun̪ko/,2,0.4,0.38461538461538464,5,5
201,/jˈeɑ/,/ˈɑʝɑ/,2,0.6666666666666666,0.4423076923076923,3,3
202,/jˈet͡ʃo/,/ˈet͡ʃo/,1,0.3333333333333333,0.4230769230769231,4,3
203,/jˈɑn̪/,/ʝˈɑ/,2,1.0,0.8269230769230769,3,2
204,/juˈeθ/,/xwˈiθjo/,5,0.8333333333333334,1.5192307692307692,4,6
205,/jɑθjˈeɾ/,/ʝɑθˈeɾ/,2,0.4,0.5192307692307693,6,5
206,/jɑwn̪ˈɑɾjo/,/en̪ˈeɾo/,5,1.0,1.8269230769230769,8,5
207,/jˈoɡo/,/ʝˈuɡo/,2,0.5,0.1346153846153846,4,4
208,/θjeɾˈesiɑ/,/θeɾˈeθɑ/,3,0.5,1.0769230769230769,8,6
209,/ʎˈe/,/ʝˈɑbe/,4,1.0,1.5384615384615385,2,4
210,/ʎˈosɑ/,/ʝosɑ/,2,0.5,0.15384615384615385,4,4
211,/ʎɑmˈɑɾ/,/ʝɑmˈɑɾ/,1,0.2,0.07692307692307693,5,5
212,/kɾˈee/,/kɾˈee/,0,0.0,0.0,4,4
213,/kɾˈed̪/,/kɾˈeo/,1,0.25,0.4423076923076923,4,4
214,/kɾˈed̪ɑ/,/ɡɾˈed̪ɑ/,1,0.2,0.038461538461538464,5,5
215,/kɾˈin̪/,/kɾˈin̪/,0,0.0,0.0,4,4
216,/kɾˈuθje/,/kɾˈuθ/,2,0.5,0.8076923076923077,6,4
217,/kɾˈost̪ɑ/,/kˈost̪ɾɑ/,2,0.3333333333333333,1.0192307692307692,6,6
218,/kɾˈud̪/,/kɾˈuo/,1,0.25,0.4423076923076923,4,4
219,/kɾˈɑso/,/ɡɾˈɑso/,1,0.2,0.038461538461538464,5,5
220,/kɾˈɑsɑ/,/ɡɾˈɑsɑ/,1,0.2,0.038461538461538464,5,5
221,/kɾeθjˈeɾ/,/kɾeθˈeɾ/,1,0.16666666666666666,0.4230769230769231,7,6
222,/kɾiˈɑd̪iˈon̪/,/kɾjɑθˈon̪/,4,0.5714285714285714,0.9230769230769231,8,7
223,/kɾiˈɑɾ/,/kɾjˈɑɾ/,1,0.2,0.07692307692307693,5,5
224,/kɾeˈeɾ/,/kɾeˈeɾ/,0,0.0,0.0,5,5
225,/kɾwilt̪ˈɑd̪/,/kɾweld̪ˈɑd̪/,2,0.25,0.07692307692307693,8,8
226,/kɾuˈel/,/kɾwˈel/,1,0.2,0.07692307692307693,5,5
227,/kwid̪ˈɑl/,/kod̪ˈɑl/,2,0.4,0.6923076923076923,6,5
228,/kˈest̪o/,/kˈist̪o/,1,0.2,0.038461538461538464,5,5
229,/kˈeɾ/,/kjˈeɾe/,2,0.4,0.9807692307692307,3,5
230,/kfjˈen̪/,/kjˈen̪/,1,0.25,0.5769230769230769,5,4
231,/kˈe/,/kˈe/,0,0.0,0.0,2,2
232,/kˈin̪θje/,/kˈin̪θe/,1,0.2,0.4230769230769231,6,5
233,/kˈiŋke/,/θˈin̪ko/,3,0.6,0.5576923076923077,5,5
234,/kˈin̪t̪o/,/kˈin̪t̪o/,0,0.0,0.0,5,5
235,/kˈomd̪o/,/kˈomo/,1,0.25,0.6730769230769231,5,4
236,/kˈɑd̪ɾo/,/kwˈɑd̪ɾo/,1,0.16666666666666666,0.5,5,6
237,/kˈɑl/,/kwˈɑl/,1,0.25,0.5,3,4
238,/kˈɑn̪d̪o/,/kwˈɑn̪d̪o/,1,0.16666666666666666,0.5,5,6
239,/kˈɑɾt̪o/,/kwˈɑɾt̪o/,1,0.16666666666666666,0.5,5,6
240,/kˈɑd̪ɾ/,/kwˈɑt̪ɾo/,3,0.5,1.2884615384615385,4,6
241,/kˈɑl/,/kwˈɑl/,1,0.25,0.5,3,4
242,/keɾˈeɾ/,/keɾˈeɾ/,0,0.0,0.0,5,5
243,/kfjˈed̪ˈɑɾ/,/ked̪ˈɑɾ/,3,0.6,1.0961538461538463,7,5
244,/keˈed̪/,/kˈed̪o/,2,0.5,0.8846153846153846,4,4
245,/kixjˈen̪ss/,/kin̪jˈen̪t̪os/,3,0.3333333333333333,1.3653846153846154,8,9
246,/kɑn̪st̪ˈɑd̪/,/kɑn̪t̪id̪ˈɑd̪/,3,0.375,1.0192307692307692,7,8
247,/kɑskˈɑɾ/,/kɑskˈɑɾ/,0,0.0,0.0,6,6
248,/kɑt̪wˈeɾθje/,/kɑt̪ˈoɾθe/,3,0.42857142857142855,1.1346153846153846,9,7
249,/kˈeko/,/θjˈeɡo/,3,0.6,0.6923076923076923,4,5
250,/kˈɑxo/,/θjˈelo/,4,0.8,1.0576923076923077,4,5
251,/kˈexwt̪e/,/θˈesped̪/,5,0.8333333333333334,1.5576923076923077,6,6
252,/kˈeso/,/kˈeso/,0,0.0,0.0,4,4
253,/θjˈen̪t̪ɾo/,/θˈen̪t̪ɾo/,1,0.16666666666666666,0.4230769230769231,7,6
254,/θjˈen̪t̪o/,/θjˈen̪t̪o/,0,0.0,0.0,6,6
255,/θjˈeɾt̪o/,/θjˈeɾt̪o/,0,0.0,0.0,6,6
256,/θjˈeɾbo/,/θjˈeɾbo/,0,0.0,0.0,6,6
257,/θjˈen̪ɑ/,/θˈen̪ɑ/,1,0.25,0.4230769230769231,5,4
258,/θjˈeɾɑ/,/θˈeɾɑ/,1,0.25,0.4230769230769231,5,4
259,/θjˈebo/,/θˈebo/,1,0.25,0.4230769230769231,5,4
260,/θˈeliɑ/,/θˈexɑ/,2,0.5,0.7884615384615384,5,4
261,/θˈit͡ʃo/,/θˈin̪t̪o/,2,0.4,0.6730769230769231,4,5
262,/θˈit͡ʃɑ/,/θˈin̪t̪ɑ/,2,0.4,0.6730769230769231,4,5
263,/θjˈews/,/θˈepo/,3,0.75,1.2307692307692308,5,4
264,/θjˈeɾt͡ʃo/,/θˈeɾt͡ʃo/,1,0.2,0.4230769230769231,6,5
265,/θjˈeɾko/,/θˈeɾko/,1,0.2,0.4230769230769231,6,5
266,/θjˈeɾkɑ/,/θˈeɾkɑ/,1,0.2,0.4230769230769231,6,5
267,/θjˈer/,/θˈero/,2,0.5,0.7307692307692307,4,4
268,/θjˈest̪ɑ/,/θˈest̪ɑ/,1,0.2,0.4230769230769231,6,5
269,/kwˈexo/,/kˈoxo/,2,0.5,0.6923076923076923,5,4
270,/kwˈet͡ʃo/,/kˈot͡ʃo/,2,0.5,0.6923076923076923,5,4
271,/kwˈiljes/,/kˈoxes/,4,0.8,1.3653846153846154,7,5
272,/kwˈel/,/kwˈeʝo/,2,0.4,0.9615384615384616,4,5
273,/kwˈemt̪e/,/kˈon̪d̪e/,4,0.8,0.8076923076923077,6,5
274,/kˈomt̪o/,/kwˈen̪t̪o/,3,0.5,0.7884615384615384,5,6
275,/kˈoŋt͡ʃɑ/,/kon̪t͡ʃɑ/,2,0.4,0.25,5,5
276,/kˈoŋkʰɑ/,/kwˈen̪kɑ/,4,0.6666666666666666,0.9038461538461539,5,6
277,/kˈon̪t̪ɾɑ/,/kˈon̪t̪ɾɑ/,0,0.0,0.0,6,6
278,/kwˈeβʰn̪o/,/kwˈebɑn̪o/,2,0.2857142857142857,0.8269230769230769,6,7
279,/kˈuɾjo/,/kwˈeɾo/,3,0.6,0.6923076923076923,5,5
280,/kwˈeɾn̪u/,/kwˈeɾn̪o/,1,0.16666666666666666,0.038461538461538464,6,6
281,/kwˈeɾpo/,/kwˈeɾpo/,0,0.0,0.0,6,6
282,/kwˈeɾbo/,/kwˈeɾbo/,0,0.0,0.0,6,6
283,/kwˈest̪ɑ/,/kwˈest̪ɑ/,0,0.0,0.0,6,6
284,/kwˈipo/,/ɡˈolpe/,4,0.8,0.6538461538461539,5,5
285,/kˈoso/,/koso/,1,0.25,0.07692307692307693,4,4
286,/kˈoɾt̪e/,/kˈoɾt̪e/,0,0.0,0.0,5,5
287,/kˈuxjed̪ɑ/,/kwˈid̪ɑ/,4,0.8,1.0192307692307692,7,5
288,/kwˈid̪/,/kˈod̪o/,3,0.75,0.9615384615384616,4,4
289,/kˈobo/,/kˈubo/,1,0.25,0.038461538461538464,4,4
290,/kˈio/,/kˈuʝo/,2,0.5,0.8461538461538461,3,4
291,/kwˈiθjed̪ɑ/,/kˈolt͡ʃɑ/,6,1.2,1.9423076923076923,8,5
292,/kˈoɲe/,/kˈumbɾe/,4,0.6666666666666666,0.9230769230769231,4,6
293,/kˈon̪/,/kˈon̪/,0,0.0,0.0,3,3
294,/kˈomlo/,/kˈolmo/,2,0.4,0.34615384615384615,5,5
295,/kˈoɲo/,/kˈoɲo/,0,0.0,0.0,4,4
296,/kˈuɲo/,/kˈuɲo/,0,0.0,0.0,4,4
297,/kˈon̪iɑ/,/kˈuɲɑ/,3,0.75,0.7115384615384616,5,4
298,/kˈor/,/kˈoro/,1,0.25,0.6923076923076923,3,4
299,/kˈoso/,/kˈoso/,0,0.0,0.0,4,4
300,/kˈoɾt̪o/,/kˈoɾt̪o/,0,0.0,0.0,5,5
301,/kˈun̪ɑ/,/kˈun̪ɑ/,0,0.0,0.0,4,4
302,/kˈubɑ/,/kˈubɑ/,0,0.0,0.0,4,4
303,/kˈuɾɑ/,/kuɾɑ/,1,0.25,0.07692307692307693,4,4
304,/kˈɑlθje/,/kˈɑwθe/,2,0.4,0.7692307692307693,6,5
305,/kˈuθje/,/kˈoθ/,3,1.0,0.8461538461538461,5,3
306,/kˈoθiɑ/,/kˈɑlθɑ/,3,0.6,0.6538461538461539,5,5
307,/kˈol/,/kˈɑʝe/,3,0.75,0.8461538461538461,3,4
308,/kˈobo/,/kˈɑlbo/,2,0.4,0.6923076923076923,4,5
309,/kˈɑmpo/,/kˈɑmpo/,0,0.0,0.0,5,5
310,/kˈɑŋkɾo/,/kˈɑn̪ɡɾo/,2,0.3333333333333333,0.21153846153846154,6,6
311,/kˈɑɲɑ/,/kˈɑɲɑ/,0,0.0,0.0,4,4
312,/kˈɑn̪t̪o/,/kˈɑn̪t̪o/,0,0.0,0.0,5,5
313,/kˈɑn̪t͡ʃo/,/kˈɑn̪t͡ʃo/,0,0.0,0.0,5,5
314,/kˈɑn̪t̪ʰɾo/,/kˈɑn̪t̪ɑɾo/,2,0.2857142857142857,0.8461538461538461,6,7
315,/kˈɑbe/,/kˈɑbe/,0,0.0,0.0,4,4
316,/kˈɑbiɑ/,/kˈepɑ/,3,0.75,0.6923076923076923,5,4
317,/kˈɑbɾjo/,/kˈɑbɾjo/,0,0.0,0.0,6,6
318,/kˈɑbɾɑ/,/kˈɑbɾɑ/,0,0.0,0.0,5,5
319,/kˈɑt̪io/,/kˈɑθo/,2,0.5,0.6923076923076923,5,4
320,/kˈɑbo/,/kˈɑbo/,0,0.0,0.0,4,4
321,/kˈɑɾkɾe/,/kˈɑɾθel/,3,0.5,0.8653846153846154,6,6
322,/kˈɑɾn̪e/,/kˈɑɾn̪em/,1,0.16666666666666666,0.6538461538461539,5,6
323,/kˈɑsɑ/,/kˈɑsɑ/,0,0.0,0.0,4,4
324,/kˈɑθjo/,/kˈɑθo/,1,0.25,0.5769230769230769,5,4
325,/kˈɑt̪o/,/ɡˈɑt̪o/,1,0.25,0.038461538461538464,4,4
326,/kˈe/,/kˈɑbe/,3,0.75,1.4615384615384615,2,4
327,/kˈol/,/kˈol/,0,0.0,0.0,3,3
328,/kˈosɑ/,/kˈosɑ/,0,0.0,0.0,4,4
329,/kˈot̪o/,/kˈot̪o/,0,0.0,0.0,4,4
330,/kˈod̪ɾjo/,/kot̪ˈeɾo/,4,0.6666666666666666,0.7307692307692307,6,6
331,/kˈɑn̪ɑ/,/kˈɑn̪ɑ/,0,0.0,0.0,4,4
332,/kˈɑɾ/,/kˈɑɾo/,1,0.25,0.75,3,4
333,/kˈɑso/,/kˈɑso/,0,0.0,0.0,4,4
334,/kemˈen̪t̪o/,/θimjˈen̪t̪o/,3,0.375,0.6346153846153846,7,8
335,/θjen̪t̪ˈen̪/,/θen̪t̪ˈen̪o/,2,0.2857142857142857,1.1538461538461537,7,7
336,/θibwˈelɑ/,/θebˈoʝɑ/,4,0.6666666666666666,0.9807692307692307,7,6
337,/θiɾjuˈelɑ/,/θiɾwˈelɑ/,2,0.2857142857142857,0.5961538461538461,8,7
338,/θibwˈelɑ/,/θeboʝɑ/,4,0.6666666666666666,0.9807692307692307,7,6
339,/θiɾjuˈel/,/θiɾwˈelo/,3,0.42857142857142855,1.1153846153846154,7,7
340,/θiɾjuˈelɑ/,/θiɾwˈelɑ/,2,0.2857142857142857,0.5961538461538461,8,7
341,/θiˈɑd̪ɑ/,/θebˈɑd̪ɑ/,2,0.3333333333333333,0.7692307692307693,5,6
342,/θjeɡɑd̪ɾˈiθje/,/θikɑt̪ɾˈiθ/,6,0.75,1.3461538461538463,11,8
343,/θjeɡˈon̪iɑ/,/θiɡwˈeɲɑ/,5,0.7142857142857143,1.0576923076923077,8,7
344,/θjen̪d̪ɾˈɑd̪ɑ/,/θen̪d̪ɾˈɑd̪ɑ/,1,0.125,0.4230769230769231,9,8
345,/θid͡ʒɾˈɑd̪/,/θin̪t̪ɾˈɑd̪o/,3,0.375,1.3269230769230769,6,8
346,/θit͡ʃˈuɾɑ/,/θin̪t̪ˈuɾɑ/,2,0.2857142857142857,0.6730769230769231,6,7
347,/θied̪ˈɑd̪/,/θjud̪ˈɑd̪/,2,0.3333333333333333,0.2692307692307692,6,6
348,/kwebn̪ˈɑɾjos/,/koθin̪ˈeɾo/,6,0.75,2.25,10,8
349,/kwebˈin̪ɑ/,/koθˈin̪ɑ/,3,0.5,0.8846153846153846,7,6
350,/kweliˈɑɾɑ/,/kut͡ʃˈɑɾɑ/,4,0.6666666666666666,1.5576923076923077,8,6
351,/kwelɡˈɑ/,/kwˈelɡɑ/,2,0.3333333333333333,0.15384615384615385,6,6
352,/kwelɡˈɑɾ/,/kolɡˈɑɾ/,2,0.3333333333333333,0.6923076923076923,7,6
353,/kwelˈin̪ɑ/,/kolˈin̪ɑ/,2,0.3333333333333333,0.6923076923076923,7,6
354,/kwilwˈebɾɑ/,/kulˈebɾɑ/,3,0.42857142857142855,1.2692307692307692,9,7
355,/kwelˈoɾ/,/kolˈoɾ/,2,0.4,0.6923076923076923,6,5
356,/kwemt̪ˈesɑ/,/kon̪d̪ˈesɑ/,4,0.5714285714285714,0.8076923076923077,8,7
357,/kwemt̪ˈɑd̪/,/kon̪d̪ˈɑd̪o/,5,0.7142857142857143,1.5961538461538463,7,7
358,/kwemˈun̪/,/komˈun̪/,2,0.4,0.6730769230769231,6,5
359,/kompɾˈɑɾ/,/kompɾˈɑɾ/,0,0.0,0.0,7,7
360,/komwt̪ˈɑɾ/,/kon̪t̪ˈɑɾ/,2,0.3333333333333333,0.7884615384615384,7,6
361,/kompˈɑn̪ɡo/,/kompˈɑn̪ɡo/,0,0.0,0.0,8,8
362,/kun̪d̪wˈit͡ʃo/,/kon̪d̪ˈut͡ʃo/,3,0.42857142857142855,0.75,8,7
363,/kwiθjˈexo/,/kon̪θˈexo/,3,0.42857142857142855,0.8846153846153846,8,7
364,/kost̪ˈɑɾ/,/kost̪ˈɑɾ/,0,0.0,0.0,6,6
365,/kost̪ˈuɾɑ/,/kost̪ˈuɾɑ/,0,0.0,0.0,7,7
366,/kun̪t̪ɾˈet͡ʃo/,/kon̪t̪ɾˈet͡ʃo/,1,0.125,0.038461538461538464,8,8
367,/kon̪t̪ˈemt̪o/,/kon̪t̪ˈen̪t̪o/,1,0.125,0.09615384615384616,8,8
368,/kon̪d̪ɾt̪ˈeɾ/,/kon̪t̪en̪ˈeɾ/,3,0.375,0.5384615384615384,8,8
369,/kweɾd̪ˈoxo/,/koɾd̪ˈoxo/,2,0.2857142857142857,0.6923076923076923,8,7
370,/kweɾn̪ˈelɑ/,/koɾn̪ˈexɑ/,3,0.42857142857142855,0.9807692307692307,8,7
371,/korˈiɑ/,/korˈeɑ/,1,0.2,0.038461538461538464,5,5
372,/kwerˈuθjo/,/korˈoθo/,4,0.6666666666666666,1.2692307692307692,8,6
373,/koɾt̪ˈeθiɑ/,/koɾt̪ˈeθɑ/,1,0.14285714285714285,0.5384615384615384,8,7
374,/kweɾˈon̪ɑ/,/koɾˈon̪ɑ/,2,0.3333333333333333,0.6923076923076923,7,6
375,/kweɾˈɑɲe/,/koɾˈɑmbɾe/,5,0.625,1.5769230769230769,7,8
376,/koɾiˈeθiɑ/,/koɾˈɑθɑ/,3,0.5,1.1346153846153846,8,6
377,/kweubjˈeɾt̪o/,/kubjˈeɾt̪o/,2,0.25,1.0,10,8
378,/koˈɑxo/,/kwˈɑxo/,1,0.2,0.11538461538461539,5,5
379,/kosˈexo/,/kon̪sˈexo/,1,0.14285714285714285,0.5769230769230769,6,7
380,/kobɾˈiɾ/,/kobɾˈiɾ/,0,0.0,0.0,6,6
381,/kud̪ɾn̪ˈiθje/,/kod̪oɾn̪ˈiθ/,4,0.5,1.5384615384615385,9,8
382,/kuxjed̪ˈɑɾ/,/kwid̪ˈɑɾ/,4,0.6666666666666666,0.9423076923076923,8,6
383,/koˈel/,/kobˈixo/,4,0.6666666666666666,1.7307692307692308,4,6
384,/kuɡwˈel/,/koɡˈoʝo/,4,0.6666666666666666,0.75,6,6
385,/kwid͡ʒɾˈɑl/,/kwit̪ɾˈɑl/,1,0.14285714285714285,0.19230769230769232,7,7
386,/kwit͡ʃˈiʎo/,/kut͡ʃˈiʝo/,3,0.5,0.7307692307692307,7,6
387,/komˈin̪/,/komˈin̪o/,1,0.16666666666666666,0.7307692307692307,5,6
388,/kon̪ˈel/,/kon̪ˈexo/,2,0.3333333333333333,0.9615384615384616,5,6
389,/kubeed̪iɑ/,/kod̪ˈiθjɑ/,6,0.8571428571428571,0.7692307692307693,8,7
390,/koskˈuxo/,/koskˈoxo/,1,0.14285714285714285,0.038461538461538464,7,7
391,/kuɾˈɑɾ/,/kuɾˈɑɾ/,0,0.0,0.0,5,5
392,/kɑˈol/,/kɑbˈɑʝo/,4,0.6666666666666666,1.8461538461538463,4,6
393,/keˈeɾ/,/kɑˈeɾ/,1,0.25,0.11538461538461539,4,4
394,/kod̪ˈɑɾjo/,/kɑld̪ˈeɾo/,4,0.5714285714285714,1.3076923076923077,7,7
395,/kolˈelɑ/,/kɑʝˈexɑ/,3,0.5,0.6538461538461539,6,6
396,/kɑlˈoɾ/,/kɑlˈoɾ/,0,0.0,0.0,5,5
397,/kɑmsˈɑɾ/,/kɑn̪sˈɑɾ/,1,0.16666666666666666,0.09615384615384616,6,6
398,/kɑɲˈiθ/,/kɑɲˈiθo/,1,0.16666666666666666,0.7692307692307693,5,6
399,/kɑn̪ˈed̪iɑ/,/kɑn̪ˈeθɑ/,2,0.3333333333333333,0.6538461538461539,7,6
400,/kɑbʎɑd̪ˈuɾɑ/,/kɑbeʝɑd̪ˈuɾɑ/,2,0.2,0.6346153846153846,9,10
401,/kɑwd̪ˈiʎo/,/kɑwd̪ˈiʝo/,1,0.14285714285714285,0.07692307692307693,7,7
402,/kɑwd̪ˈɑl/,/kɑwd̪ˈɑl/,0,0.0,0.0,6,6
403,/kɑpˈiʎɑ/,/kɑpˈiʝɑ/,1,0.16666666666666666,0.07692307692307693,6,6
404,/kɑbɾˈɑɾjo/,/kɑbɾˈeɾo/,2,0.2857142857142857,0.6730769230769231,8,7
405,/kɑsjuˈelɑ/,/kɑxwˈelɑ/,3,0.42857142857142855,0.8653846153846154,8,7
406,/kɑt̪iˈɑɾ/,/kɑθˈɑɾ/,2,0.4,0.7307692307692307,6,5
407,/kɑt̪ˈɑɾ/,/kɑt̪ˈɑɾ/,0,0.0,0.0,5,5
408,/kɑbˈeʎo/,/kɑbˈeʝo/,1,0.16666666666666666,0.07692307692307693,6,6
409,/kɑbˈest̪ɾo/,/kɑbˈest̪ɾo/,0,0.0,0.0,8,8
410,/kɑbˈed̪iɑ/,/kɑbˈeθɑ/,2,0.3333333333333333,0.6538461538461539,7,6
411,/kɑbˈeld̪o/,/kɑbˈild̪o/,1,0.14285714285714285,0.038461538461538464,7,7
412,/kɑbˈɑɲɑ/,/kɑbˈɑɲɑ/,0,0.0,0.0,6,6
413,/kɑɾbˈon̪/,/kɑɾbˈon̪/,0,0.0,0.0,6,6
414,/kɑɾn̪ˈeθiɑ/,/kɑɾn̪ˈiθɑ/,2,0.2857142857142857,0.5769230769230769,8,7
415,/kɑrɡˈɑɾ/,/kɑɾɡˈɑɾ/,1,0.16666666666666666,0.057692307692307696,6,6
416,/kɑsiˈɑɾjo/,/kesˈeɾo/,4,0.6666666666666666,1.3846153846153846,8,6
417,/kɑst̪ˈiʎo/,/kɑst̪ˈiʝo/,1,0.14285714285714285,0.07692307692307693,7,7
418,/kɑst̪ˈiθ/,/kɑst̪ˈiθo/,1,0.14285714285714285,0.7692307692307693,6,7
419,/kɑst̪ˈɑn̪iɑ/,/kɑst̪ˈɑɲɑ/,2,0.2857142857142857,0.6730769230769231,8,7
420,/kɑsˈɑɾjo/,/kɑsˈeɾo/,2,0.3333333333333333,0.6730769230769231,7,6
421,/kɑn̪d̪ˈɑd̪/,/kɑn̪d̪ˈɑd̪o/,1,0.14285714285714285,0.7884615384615384,6,7
422,/kɑd̪ˈen̪ɑ/,/kɑd̪ˈen̪ɑ/,0,0.0,0.0,6,6
423,/kɑɾt̪ˈɑd̪/,/kɑɾid̪ˈɑd̪/,2,0.2857142857142857,0.8076923076923077,6,7
424,/kɑsiˈɑɾiɑ/,/kesˈeɾɑ/,4,0.6666666666666666,1.3461538461538463,8,6
425,/kʰˈɑɾt̪ɑ/,/kˈɑɾt̪ɑ/,1,0.2,0.038461538461538464,5,5
426,/lˈɑŋt͡ʃɑ/,/lˈɑn̪t͡ʃɑ/,1,0.2,0.17307692307692307,5,5
427,/lˈet͡ʃo/,/lˈet͡ʃo/,0,0.0,0.0,4,4
428,/lˈen̪d̪ɾd̪e/,/ljˈen̪d̪ɾe/,2,0.2857142857142857,0.6153846153846154,7,7
429,/lˈin̪θjo/,/ljˈen̪θo/,3,0.5,0.8076923076923077,6,6
430,/ljˈebɾe/,/ljˈebɾe/,0,0.0,0.0,6,6
431,/ljˈebo/,/ʝˈebo/,2,0.5,0.6346153846153846,5,4
432,/lˈixje/,/lˈej/,3,1.0,0.9230769230769231,5,3
433,/lˈibɾo/,/lˈibɾo/,0,0.0,0.0,5,5
434,/lˈexɑ/,/lˈixɑ/,1,0.25,0.038461538461538464,4,4
435,/lˈimwθo/,/lˈimpjo/,2,0.3333333333333333,0.6538461538461539,6,6
436,/lˈiŋɡbɑ/,/lˈen̪ɡwɑ/,3,0.5,0.5192307692307693,6,6
437,/lˈed̪ɾɑ/,/lˈet̪ɾɑ/,1,0.2,0.038461538461538464,5,5
438,/lˈeɲo/,/lˈeɲo/,0,0.0,0.0,4,4
439,/lˈeɲɑ/,/lˈeɲɑ/,0,0.0,0.0,4,4
440,/lˈimɑ/,/lˈimɑ/,0,0.0,0.0,4,4
441,/lˈin̪/,/lˈin̪o/,1,0.25,0.7307692307692307,3,4
442,/lˈid̪/,/lˈid̪/,0,0.0,0.0,3,3
443,/lwˈeɡo/,/lwˈeɡo/,0,0.0,0.0,5,5
444,/lˈoŋɡo/,/lwˈen̪ɡo/,3,0.5,0.8653846153846154,5,6
445,/lwˈeɾ/,/lˈoɡɾo/,3,0.6,1.2115384615384615,4,5
446,/lwˈixo/,/lˈuxo/,2,0.5,0.5961538461538461,5,4
447,/lwˈit͡ʃɑ/,/lˈut͡ʃɑ/,2,0.5,0.7115384615384616,5,4
448,/lˈumbo/,/lˈomo/,2,0.5,0.5192307692307693,5,4
449,/lˈobo/,/lˈobo/,0,0.0,0.0,4,4
450,/lˈod̪/,/lˈod̪o/,1,0.25,0.7884615384615384,3,4
451,/lˈuθje/,/lˈuθ/,2,0.6666666666666666,0.8076923076923077,5,3
452,/lˈuθjed̪/,/lˈuθjo/,2,0.4,0.7692307692307693,6,5
453,/lwˈiθ/,/lˈuθjo/,4,0.8,1.3461538461538463,4,5
454,/lwˈit͡ʃɑ/,/lˈut͡ʃɑ/,2,0.5,0.7115384615384616,5,4
455,/lˈuɲe/,/lˈumbɾe/,3,0.5,0.8846153846153846,4,6
456,/lˈun̪ɑ/,/lˈun̪ɑ/,0,0.0,0.0,4,4
457,/lˈɑbjo/,/lˈɑbjo/,0,0.0,0.0,5,5
458,/lɑˈiɡo/,/lˈeɡo/,2,0.5,0.6153846153846154,5,4
459,/lˈeɾmɑ/,/lˈɑɡɾimɑ/,3,0.42857142857142855,1.3269230769230769,5,7
460,/lˈixjos/,/lˈexos/,2,0.4,0.5192307692307693,6,5
461,/lˈexs/,/lˈexos/,1,0.2,0.7884615384615384,4,5
462,/lˈet͡ʃe/,/lˈet͡ʃe/,0,0.0,0.0,4,4
463,/lˈɑɡo/,/lˈɑɡo/,0,0.0,0.0,4,4
464,/lˈibjo/,/lˈɑθo/,3,0.75,0.9230769230769231,5,4
465,/lˈɑmbo/,/lˈɑmo/,1,0.25,0.4807692307692308,5,4
466,/lˈeθiɑ/,/lˈɑn̪θɑ/,3,0.6,0.6153846153846154,5,5
467,/lˈɑɾɡo/,/lˈɑɾɡo/,0,0.0,0.0,5,5
468,/lˈɑzs/,/lˈɑd̪o/,2,0.5,0.5961538461538461,4,4
469,/lˈosiɑ/,/lˈosɑ/,1,0.25,0.5769230769230769,5,4
470,/lˈot̪iɑ/,/lˈoθɑ/,2,0.5,0.6538461538461539,5,4
471,/lesiˈon̪/,/lesjˈon̪/,1,0.16666666666666666,0.07692307692307693,6,6
472,/ljeɣʷˈɑn̪iɑ/,/leɡˈɑɲɑ/,4,0.6666666666666666,1.1923076923076923,8,6
473,/len̪t̪ˈelɑ/,/len̪t̪ˈexɑ/,1,0.14285714285714285,0.28846153846153844,7,7
474,/liˈen̪d̪ɑ/,/lejˈen̪d̪ɑ/,2,0.2857142857142857,0.2692307692307692,6,7
475,/ljeɡˈuɲe/,/leɡˈumbɾe/,4,0.5,1.2692307692307692,7,8
476,/lˈixje/,/lˈej/,3,1.0,0.9230769230769231,5,3
477,/lixjˈemd̪o/,/lˈin̪d̪o/,5,1.0,1.4038461538461537,8,5
478,/lieɾt̪ˈɑd̪/,/libeɾt̪ˈɑd̪/,1,0.125,0.7307692307692307,7,8
479,/lexˈiɑ/,/lexˈiɑ/,0,0.0,0.0,5,5
480,/led̪ɾˈɑzs/,/let̪ɾˈɑd̪o/,3,0.42857142857142855,0.6346153846153846,7,7
481,/leˈɑɾ/,/liˈɑɾ/,1,0.25,0.038461538461538464,4,4
482,/limt̪ˈɑɾ/,/lin̪d̪ˈɑɾ/,2,0.3333333333333333,0.1346153846153846,6,6
483,/lid̪jˈɑɾ/,/lid̪jˈɑɾ/,0,0.0,0.0,6,6
484,/luθˈiʎo/,/luθˈiʝo/,1,0.16666666666666666,0.07692307692307693,6,6
485,/lweɡˈɑl/,/luɡˈɑɾ/,3,0.6,0.7884615384615384,6,5
486,/lweɾˈɑɾ/,/loɡɾˈɑɾ/,2,0.3333333333333333,0.46153846153846156,6,6
487,/lumbɾˈiθje/,/lombɾˈiθ/,3,0.42857142857142855,0.8461538461538461,9,7
488,/let͡ʃˈuɡɑ/,/let͡ʃˈuɡɑ/,0,0.0,0.0,6,6
489,/lebiˈɑɾ/,/lɑθˈɑɾ/,3,0.6,0.9230769230769231,6,5
490,/kɑlˈoɲiɑ/,/kɑlˈoɲɑ/,1,0.16666666666666666,0.3269230769230769,7,6
491,/lɑd̪ɾˈiʎo/,/lɑd̪ɾˈiʝo/,1,0.14285714285714285,0.07692307692307693,7,7
492,/lɑd̪ɾˈon̪/,/lɑd̪ɾon̪/,1,0.16666666666666666,0.07692307692307693,6,6
493,/lɑd̪ˈin̪/,/lɑd̪ˈin̪o/,1,0.16666666666666666,0.7307692307692307,5,6
494,/lod̪ˈɑɾ/,/loˈɑɾ/,1,0.25,0.8461538461538461,5,4
495,/lɑd̪ɾˈɑɾ/,/lɑd̪ɾˈɑɾ/,0,0.0,0.0,6,6
496,/mɑd̪ˈexɑ/,/mɑd̪ˈexɑ/,0,0.0,0.0,6,6
497,/mjˈel/,/mjˈel/,0,0.0,0.0,4,4
498,/meliˈoɾ/,/mexˈoɾ/,2,0.4,0.9038461538461539,6,5
499,/mˈembɾo/,/mjˈembɾo/,1,0.14285714285714285,0.36538461538461536,6,7
500,/mˈese/,/mˈes/,1,0.3333333333333333,0.6538461538461539,4,3
501,/mˈesɑ/,/mˈesɑ/,0,0.0,0.0,4,4
502,/mˈen̪t̪e/,/mˈen̪t̪e/,0,0.0,0.0,5,5
503,/mjˈeɾd̪ɑ/,/mjˈeɾd̪ɑ/,0,0.0,0.0,6,6
504,/mjˈeɾlo/,/mˈiɾlo/,2,0.4,0.40384615384615385,6,5
505,/mjˈese/,/mjˈes/,1,0.25,0.6538461538461539,5,4
506,/mjˈed̪/,/mjˈed̪o/,1,0.2,0.7884615384615384,4,5
507,/mjˈos/,/mˈios/,2,0.5,0.15384615384615385,4,4
508,/mjˈe/,/mˈi/,2,1.0,0.40384615384615385,3,2
509,/mˈexo/,/mˈixo/,1,0.25,0.038461538461538464,4,4
510,/mˈen̪s/,/mˈen̪os/,1,0.2,0.8461538461538461,4,5
511,/mˈiɡɑ/,/mˈiɡɑ/,0,0.0,0.0,4,4
512,/mˈiʎe/,/mˈil/,2,0.6666666666666666,0.6538461538461539,4,3
513,/mwˈeble/,/mwˈeble/,0,0.0,0.0,6,6
514,/mwˈexo/,/mˈoʝo/,3,0.75,0.7884615384615384,5,4
515,/mwˈel/,/mwˈeʝe/,2,0.4,0.7307692307692307,4,5
516,/mwˈelɑ/,/mwˈelɑ/,0,0.0,0.0,5,5
517,/mˈon̪t̪e/,/mˈon̪t̪e/,0,0.0,0.0,5,5
518,/mwˈeso/,/mwˈeso/,0,0.0,0.0,5,5
519,/mwˈeɾt̪e/,/mwˈeɾt̪e/,0,0.0,0.0,6,6
520,/mwˈeɾt̪u/,/mwˈeɾt̪o/,1,0.16666666666666666,0.038461538461538464,6,6
521,/mˈoko/,/moko/,1,0.25,0.07692307692307693,4,4
522,/mwˈit͡ʃo/,/mˈut͡ʃo/,2,0.5,0.6346153846153846,5,4
523,/mˈun̪d̪o/,/mˈon̪d̪o/,1,0.2,0.038461538461538464,5,5
524,/mˈoɾiɑ/,/mwˈeɾɑ/,3,0.6,0.8076923076923077,5,5
525,/mˈuθjo/,/mˈoθo/,2,0.5,0.6153846153846154,5,4
526,/mˈossθo/,/mˈust̪jo/,3,0.5,0.4807692307692308,6,6
527,/mˈost̪o/,/mˈost̪o/,0,0.0,0.0,5,5
528,/mˈold̪o/,/mˈot͡ʃo/,2,0.5,0.75,5,4
529,/mwˈiθ/,/mˈoθo/,3,0.75,0.9230769230769231,4,4
530,/mˈulɑ/,/mulɑ/,1,0.25,0.07692307692307693,4,4
531,/mˈuɾ/,/mˈuɾo/,1,0.25,0.75,3,4
532,/mˈut͡ʃo/,/mˈuslo/,2,0.4,0.7115384615384616,4,5
533,/mˈeo/,/mˈɑʝo/,2,0.5,0.8076923076923077,3,4
534,/mˈeɾ/,/mˈɑɡɾo/,3,0.6,1.3846153846153846,3,5
535,/mˈɑl/,/mˈɑl/,0,0.0,0.0,3,3
536,/mˈɑl/,/mˈɑlo/,1,0.25,0.7307692307692307,3,4
537,/mˈɑn̪ɡɑ/,/mˈɑn̪ɡɑ/,0,0.0,0.0,5,5
538,/mˈɑn̪iɑ/,/mˈɑɲɑ/,2,0.5,0.6730769230769231,5,4
539,/mˈɑŋt͡ʃɑ/,/mˈɑn̪t͡ʃɑ/,1,0.2,0.17307692307692307,5,5
540,/mˈɑŋko/,/mˈɑn̪ko/,1,0.2,0.17307692307692307,5,5
541,/mɑsion̪ˈɑd̪ɑ/,/mesn̪ˈɑd̪ɑ/,3,0.42857142857142855,1.3076923076923077,9,7
542,/mˈɑn̪/,/mˈɑn̪o/,1,0.25,0.7307692307692307,3,4
543,/mˈɑn̪s/,/mˈɑn̪os/,1,0.2,0.8461538461538461,4,5
544,/mˈɑpɑ/,/mˈɑpɑ/,0,0.0,0.0,4,4
545,/mˈɑɾ/,/mˈɑɾ/,0,0.0,0.0,3,3
546,/mˈɑɾmbɾ/,/mˈɑɾmol/,2,0.3333333333333333,0.4423076923076923,6,6
547,/mˈɑɾss/,/mˈɑɾt̪es/,2,0.3333333333333333,0.9038461538461539,5,6
548,/mˈɑt͡ʃo/,/mˈɑt͡ʃo/,0,0.0,0.0,4,4
549,/mˈoɾ/,/moɾo/,2,0.5,0.8269230769230769,3,4
550,/mˈeɡo/,/mˈeɡo/,0,0.0,0.0,4,4
551,/mˈex/,/mˈɑs/,2,0.6666666666666666,0.3269230769230769,3,3
552,/mˈɑjθo/,/mˈɑɾθo/,1,0.2,0.28846153846153844,5,5
553,/mˈɑd̪ɾe/,/mˈɑd̪ɾe/,0,0.0,0.0,5,5
554,/miˈɑliɑ/,/meˈɑxɑ/,3,0.6,0.8269230769230769,6,5
555,/mˈiˈɑɾ/,/meˈɑɾ/,1,0.25,0.11538461538461539,4,4
556,/mjelˈon̪/,/melˈon̪/,1,0.2,0.36538461538461536,6,5
557,/mjembɾˈɑɾ/,/membɾˈɑɾ/,1,0.14285714285714285,0.36538461538461536,8,7
558,/mest̪ˈiθ/,/mest̪ˈiθo/,1,0.14285714285714285,0.7692307692307693,6,7
559,/memˈɑɾ/,/meɾmˈɑɾ/,1,0.16666666666666666,0.5192307692307693,5,6
560,/men̪ˈud̪/,/men̪ˈud̪o/,1,0.16666666666666666,0.7884615384615384,5,6
561,/men̪ˈeθiɑ/,/men̪ˈɑθɑ/,2,0.3333333333333333,0.6538461538461539,7,6
562,/meθjˈeɾ/,/meθˈeɾ/,1,0.2,0.4230769230769231,6,5
563,/miɾˈel/,/milˈɑɡɾo/,5,0.7142857142857143,1.5769230769230769,5,7
564,/mweliˈɑɾ/,/moxˈɑɾ/,4,0.8,1.5384615384615385,7,5
565,/mwelˈiɾ/,/muʝˈiɾ/,3,0.6,0.9038461538461539,6,5
566,/molˈin̪/,/molˈin̪o/,1,0.16666666666666666,0.7307692307692307,5,6
567,/mwen̪ˈed̪ɑ/,/mon̪ˈed̪ɑ/,2,0.3333333333333333,0.6730769230769231,7,6
568,/mweskˈɑɾ/,/moskˈɑɾ/,2,0.3333333333333333,0.6730769230769231,7,6
569,/mweɾt̪oˈɑliɑ/,/moɾt̪ˈɑxɑ/,5,0.7142857142857143,2.1346153846153846,10,7
570,/mweˈeble/,/mwˈeble/,1,0.16666666666666666,0.34615384615384615,7,6
571,/molˈeɾ/,/muxˈeɾ/,2,0.4,0.3269230769230769,5,5
572,/mud̪ˈɑɾ/,/mud̪ˈɑɾ/,0,0.0,0.0,5,5
573,/mioɾˈin̪/,/meɾˈin̪o/,3,0.5,1.3653846153846154,6,6
574,/miˈoɾ/,/mɑʝˈoɾ/,2,0.4,0.8269230769230769,4,5
575,/melˈɑd̪ɑ/,/mɑxˈɑd̪ɑ/,2,0.3333333333333333,0.40384615384615385,6,6
576,/mɑlˈed̪iɑ/,/mɑlˈeθɑ/,2,0.3333333333333333,0.6538461538461539,7,6
577,/miθjˈepo/,/mɑn̪θˈebo/,4,0.5714285714285714,0.6153846153846154,7,7
578,/mɑsiˈon̪/,/mesˈon̪/,2,0.4,0.8076923076923077,6,5
579,/mɑɾt̪ˈiʎo/,/mɑɾt̪ˈiʝo/,1,0.14285714285714285,0.07692307692307693,7,7
580,/mɑɾˈid̪/,/mɑɾˈid̪o/,1,0.16666666666666666,0.7884615384615384,5,6
581,/mɑsskˈɑɾ/,/mɑskˈɑɾ/,1,0.16666666666666666,0.2692307692307692,7,6
582,/mɑt̪iˈɑn̪ɑ/,/mɑθˈɑn̪ɑ/,2,0.3333333333333333,0.7307692307692307,7,6
583,/mɑd̪juˈelɑ/,/mɑθwˈelɑ/,3,0.42857142857142855,0.7307692307692307,8,7
584,/mɑd̪ˈeɾiɑ/,/mɑd̪ˈeɾɑ/,1,0.16666666666666666,0.5192307692307693,7,6
585,/moɾθˈiʎo/,/moɾθˈiʝo/,1,0.14285714285714285,0.07692307692307693,7,7
586,/mɑˈest̪ɾo/,/mɑˈest̪ɾo/,0,0.0,0.0,7,7
587,/mest̪ˈɑd̪/,/mɑxest̪ˈɑd̪/,2,0.25,1.2307692307692308,6,8
588,/mexˈeʎɑ/,/mexˈiʝɑ/,2,0.3333333333333333,0.11538461538461539,6,6
589,/mɑn̪iˈɑn̪ɑ/,/mɑɲˈɑn̪ɑ/,2,0.3333333333333333,0.75,7,6
590,/mɑn̪oˈɑɾiɑ/,/mɑn̪ˈeɾɑ/,3,0.5,1.2115384615384615,8,6
591,/mɑd̪ˈeɾiɑ/,/mɑd̪ˈeɾɑ/,1,0.16666666666666666,0.5192307692307693,7,6
592,/mɑd̪ˈuɾ/,/mɑd̪ˈuɾo/,1,0.16666666666666666,0.75,5,6
593,/n̪jˈeblɑ/,/n̪jˈeblɑ/,0,0.0,0.0,6,6
594,/n̪jˈet̪ɑ/,/n̪jˈet̪ɑ/,0,0.0,0.0,5,5
595,/n̪ˈeɾbjo/,/n̪ˈeɾbjo/,0,0.0,0.0,6,6
596,/n̪jˈespɾo/,/n̪ˈispeɾo/,3,0.42857142857142855,1.0384615384615385,7,7
597,/n̪ˈee/,/n̪jˈebe/,2,0.4,1.0769230769230769,3,5
598,/n̪ˈeɾ/,/n̪ˈeɡɾo/,2,0.4,1.3076923076923077,3,5
599,/n̪ˈid̪/,/n̪ˈid̪o/,1,0.25,0.7884615384615384,3,4
600,/n̪wˈet͡ʃe/,/n̪ˈot͡ʃe/,2,0.5,0.75,5,4
601,/n̪wˈest̪ɾo/,/n̪wˈest̪ɾo/,0,0.0,0.0,7,7
602,/n̪weˈe/,/n̪wˈebe/,3,0.6,0.8461538461538461,4,5
603,/n̪weˈen̪/,/n̪obˈen̪o/,3,0.5,1.1923076923076923,5,6
604,/n̪wˈio/,/n̪ˈobjo/,3,0.6,0.8461538461538461,4,5
605,/n̪ˈu/,/n̪wˈebo/,4,0.8,2.0384615384615383,2,5
606,/n̪ˈoɲe/,/n̪ˈombɾe/,3,0.5,0.8846153846153846,4,6
607,/n̪ˈuŋkɑ/,/n̪ˈun̪kɑ/,1,0.2,0.17307692307692307,5,5
608,/n̪wˈi/,/n̪ˈube/,3,0.75,0.9230769230769231,3,4
609,/n̪ˈud̪/,/n̪ˈud̪o/,1,0.25,0.7884615384615384,3,4
610,/n̪ˈɑbo/,/n̪ˈɑbo/,0,0.0,0.0,4,4
611,/n̪ˈɑd̪ɑ/,/n̪ˈɑd̪ɑ/,0,0.0,0.0,4,4
612,/n̪ˈe/,/n̪ˈɑbe/,3,0.75,1.4615384615384615,2,4
613,/n̪iθjest̪ˈɑd̪/,/n̪eθesid̪ˈɑd̪/,4,0.4444444444444444,1.0,9,9
614,/n̪iˈɑɾ/,/n̪eɡˈɑɾ/,2,0.4,0.6923076923076923,4,5
615,/n̪wˈed̪ˈɑd̪/,/n̪obed̪ˈɑd̪/,3,0.42857142857142855,0.8846153846153846,6,7
616,/n̪oˈelɑ/,/n̪ɑbˈɑxɑ/,4,0.6666666666666666,1.2884615384615385,5,6
617,/n̪oɲˈɑɾ/,/n̪ombɾˈɑɾ/,3,0.42857142857142855,0.9230769230769231,5,7
618,/pˈet̪iɑ/,/pjˈeθɑ/,3,0.6,0.9038461538461539,5,5
619,/ʎˈen̪/,/ʝˈen̪o/,2,0.5,0.8076923076923077,3,4
620,/ʎˈumbo/,/plˈomo/,4,0.8,1.1538461538461537,5,5
621,/ʎwˈiɑ/,/ʝˈubjɑ/,4,0.8,0.9230769230769231,4,5
622,/ʎˈumɑ/,/plˈumɑ/,2,0.4,0.6346153846153846,4,5
623,/ʎˈeθiɑ/,/plˈeɡɑ/,4,0.8,1.2884615384615385,5,5
624,/ʎˈɑθjed̪/,/plˈɑθo/,5,1.0,1.8269230769230769,6,5
625,/ʎˈet͡ʃo/,/ʝˈɑn̪t̪o/,4,0.8,0.8653846153846154,4,5
626,/ʎˈɑn̪t̪ɑ/,/ʝˈɑn̪t̪ɑ/,1,0.2,0.07692307692307693,5,5
627,/ʎˈɑn̪/,/ʝˈɑn̪o/,2,0.5,0.8076923076923077,3,4
628,/ʎˈɑd̪iɑ/,/plˈɑθɑ/,4,0.8,1.2884615384615385,5,5
629,/ʎˈeɑ/,/plˈɑjɑ/,4,0.8,1.2115384615384615,3,5
630,/ʎˈɑɑ/,/ʝˈɑɡɑ/,2,0.5,0.6923076923076923,3,4
631,/ʎˈɑn̪/,/ʝˈɑn̪o/,2,0.5,0.8076923076923077,3,4
632,/ʎeɡˈɑɾ/,/ʝeɡˈɑɾ/,1,0.2,0.07692307692307693,5,5
633,/ʎɾˈɑɾ/,/ʝoɾˈɑɾ/,2,0.4,0.8461538461538461,4,5
634,/ʎɑn̪t̪ˈɑɲi/,/ʝɑn̪t̪ˈen̪/,4,0.6666666666666666,0.8461538461538461,7,6
635,/pɾˈimjo/,/pɾˈemjo/,1,0.16666666666666666,0.038461538461538464,6,6
636,/pɾˈeθ/,/pɾˈeθjo/,2,0.3333333333333333,1.1923076923076923,4,6
637,/pɾˈomt̪o/,/pɾˈon̪t̪o/,1,0.16666666666666666,0.09615384615384616,6,6
638,/pɾˈɑd̪/,/pɾˈɑd̪o/,1,0.2,0.7884615384615384,4,5
639,/pɾekˈon̪/,/pɾeɡˈon̪/,1,0.16666666666666666,0.038461538461538464,6,6
640,/pɾiˈeso/,/pɾˈeso/,1,0.2,0.4807692307692308,6,5
641,/pɾimˈɑɾjo/,/pɾimˈeɾo/,2,0.2857142857142857,0.6730769230769231,8,7
642,/pɾimˈɑzɡo/,/pɾimˈɑθɡo/,1,0.125,0.11538461538461539,8,8
643,/pɾubˈet͡ʃo/,/pɾobˈet͡ʃo/,1,0.14285714285714285,0.038461538461538464,7,7
644,/pjˈee/,/pjˈe/,1,0.3333333333333333,0.2692307692307692,4,3
645,/pˈet͡ʃo/,/pˈet͡ʃo/,0,0.0,0.0,4,4
646,/pˈiʎe/,/pjˈel/,3,0.75,0.5961538461538461,4,4
647,/pˈeso/,/pjˈen̪so/,2,0.3333333333333333,0.9615384615384616,4,6
648,/pjˈeɾzd̪ɑ/,/pjˈeɾd̪ɑ/,1,0.16666666666666666,0.2692307692307692,7,6
649,/pjˈeɾn̪ɑ/,/pjˈeɾn̪ɑ/,0,0.0,0.0,6,6
650,/pˈed̪ɾɲo/,/ped̪ɾˈeɲo/,2,0.2857142857142857,0.6153846153846154,6,7
651,/pjˈed̪ɾɑ/,/pjˈed̪ɾɑ/,0,0.0,0.0,6,6
652,/pˈet̪iɑ/,/pjˈeθɑ/,3,0.6,0.9038461538461539,5,5
653,/pˈeso/,/pˈeso/,0,0.0,0.0,4,4
654,/pˈeʎɑ/,/pˈeʝɑ/,1,0.25,0.07692307692307693,4,4
655,/pˈel/,/pˈelo/,1,0.25,0.7307692307692307,3,4
656,/pˈit͡ʃo/,/pˈin̪t̪o/,2,0.4,0.6730769230769231,4,5
657,/pˈeɾɑ/,/pˈeɾɑ/,0,0.0,0.0,4,4
658,/pˈeθje/,/pˈeθ/,2,0.6666666666666666,0.8076923076923077,5,3
659,/pˈeɲɾɑ/,/pɾˈen̪d̪ɑ/,3,0.5,0.75,5,6
660,/pˈeɲo/,/pˈeɲo/,0,0.0,0.0,4,4
661,/pˈen̪iɑ/,/pˈiɲɑ/,3,0.75,0.7115384615384616,5,4
662,/pˈin̪/,/pˈin̪o/,1,0.25,0.7307692307692307,3,4
663,/pwˈexo/,/pˈoʝo/,3,0.75,0.8269230769230769,5,4
664,/pˈen̪ɑ/,/pˈen̪ɑ/,0,0.0,0.0,4,4
665,/pˈon̪t̪e/,/pwˈen̪t̪e/,2,0.3333333333333333,0.6923076923076923,5,6
666,/pwˈeblo/,/pwˈeblo/,0,0.0,0.0,6,6
667,/pwˈeɾko/,/pwˈeɾko/,0,0.0,0.0,6,6
668,/pwˈer/,/pwˈero/,1,0.2,0.6923076923076923,4,5
669,/pwˈeɾt̪o/,/pwˈeɾt̪o/,0,0.0,0.0,6,6
670,/pwˈeɾt̪ɑ/,/pwˈeɾt̪ɑ/,0,0.0,0.0,6,6
671,/pwˈest̪o/,/pwˈest̪o/,0,0.0,0.0,6,6
672,/pwˈeθ/,/pwˈes/,1,0.25,0.07692307692307693,4,4
673,/pwˈel/,/pˈoʝo/,3,0.75,0.7115384615384616,4,4
674,/pwˈipɑ/,/pˈulpɑ/,2,0.4,0.4230769230769231,5,5
675,/pwˈit͡ʃo/,/pˈun̪t̪o/,3,0.6,0.5769230769230769,5,5
676,/pwˈiθ/,/pˈoθo/,3,0.75,0.9230769230769231,4,4
677,/pˈuɲo/,/pˈuɲo/,0,0.0,0.0,4,4
678,/pˈulɡɑ/,/pˈulɡɑ/,0,0.0,0.0,5,5
679,/pˈuɾ/,/pˈuɾo/,1,0.25,0.75,3,4
680,/pˈɑθje/,/pˈɑθ/,2,0.6666666666666666,0.8076923076923077,5,3
681,/pˈɑliɑ/,/pˈɑxɑ/,2,0.5,0.7884615384615384,5,4
682,/pˈomɑ/,/pˈɑlmɑ/,2,0.4,0.6346153846153846,4,5
683,/pˈɑɲo/,/pˈɑɲo/,0,0.0,0.0,4,4
684,/pˈɑn̪θje/,/pˈɑn̪θɑ/,2,0.4,0.5384615384615384,6,5
685,/pˈɑɾt̪e/,/pˈɑɾt̪e/,0,0.0,0.0,5,5
686,/pˈɑɾt̪o/,/pˈɑɾt̪o/,0,0.0,0.0,5,5
687,/pˈɑso/,/pˈɑso/,0,0.0,0.0,4,4
688,/pˈɑd̪ɾe/,/pˈɑd̪ɾe/,0,0.0,0.0,5,5
689,/pˈoko/,/pˈoko/,0,0.0,0.0,4,4
690,/pˈoks/,/pˈokos/,1,0.2,0.8461538461538461,4,5
691,/pˈobɾe/,/pˈobɾe/,0,0.0,0.0,5,5
692,/pˈɑn̪/,/pˈɑn̪/,0,0.0,0.0,3,3
693,/pid̪wˈel/,/pjˈoxo/,5,1.0,1.6153846153846154,6,5
694,/pjed̪ˈuɡo/,/ped̪ˈuɡo/,1,0.16666666666666666,0.46153846153846156,7,6
695,/pˈiˈoɾ/,/peˈoɾ/,1,0.25,0.11538461538461539,4,4
696,/pjekˈɑd̪/,/pekˈɑd̪o/,2,0.3333333333333333,1.25,6,6
697,/pet͡ʃn̪ˈɑɾ/,/pejn̪ˈɑɾ/,1,0.16666666666666666,0.3269230769230769,6,6
698,/ped͡ʒɾˈɑl/,/pet̪ɾˈɑl/,1,0.16666666666666666,0.19230769230769232,6,6
699,/peʎɡˈɑɾ/,/pelɡˈɑɾ/,1,0.16666666666666666,0.17307692307692307,6,6
700,/peʎˈeθiɑ/,/peʝˈiθɑ/,3,0.5,0.6538461538461539,7,6
701,/pjesˈon̪ɑ/,/peɾsˈon̪ɑ/,2,0.2857142857142857,0.4423076923076923,7,7
702,/peɾˈel/,/pelˈiɡɾo/,5,0.7142857142857143,1.5,5,7
703,/pesˈɑɾ/,/pesˈɑɾ/,0,0.0,0.0,5,5
704,/pˈed̪ˈɑd̪/,/pjed̪ˈɑd̪/,2,0.3333333333333333,0.5384615384615384,5,6
705,/peskˈɑzs/,/peskˈɑd̪o/,2,0.2857142857142857,0.5961538461538461,7,7
706,/ped̪ˈiθjo/,/ped̪ˈɑθo/,2,0.3333333333333333,0.7307692307692307,7,6
707,/pemˈen̪t̪o/,/pimjˈen̪t̪o/,2,0.25,0.40384615384615385,7,8
708,/peɾˈed̪iɑ/,/peɾˈeθɑ/,2,0.3333333333333333,0.6538461538461539,7,6
709,/pweˈɑɾ/,/poʝˈɑɾ/,2,0.4,0.3269230769230769,5,5
710,/pwelɡˈɑɾ/,/pulɡˈɑɾ/,2,0.3333333333333333,0.6538461538461539,7,6
711,/pwelˈen̪t̪ɑ/,/puljˈen̪t̪ɑ/,3,0.375,0.6538461538461539,8,8
712,/pweɾt̪ˈɑzɡo/,/poɾt̪ˈɑθɡo/,3,0.375,0.8269230769230769,9,8
713,/pwest̪ˈuɾɑ/,/post̪uɾɑ/,3,0.42857142857142855,0.8461538461538461,8,7
714,/pwed̪ˈen̪t̪e/,/pud̪jˈen̪t̪e/,3,0.375,0.7692307692307693,8,8
715,/pod̪iˈon̪/,/poθˈon̪/,2,0.4,0.7692307692307693,6,5
716,/pwixˈɑɾ/,/puxˈɑɾ/,2,0.4,0.5961538461538461,6,5
717,/pwit͡ʃˈɑɾjo/,/put͡ʃˈeɾo/,4,0.6666666666666666,1.3846153846153846,8,6
718,/pwˈibo/,/pˈolbo/,2,0.4,0.46153846153846156,5,5
719,/polˈio/,/polˈeo/,1,0.2,0.038461538461538464,5,5
720,/pwet͡ʃiˈɑɾ/,/pun̪θˈɑɾ/,4,0.6666666666666666,1.1923076923076923,7,6
721,/popˈɑɾ/,/popˈɑɾ/,0,0.0,0.0,5,5
722,/pɑlˈumbɑ/,/pɑlˈomɑ/,2,0.3333333333333333,0.5576923076923077,7,6
723,/pɑwn̪ɡˈɑɾ/,/ɑpɑn̪iɡwˈɑɾ/,4,0.4444444444444444,1.8846153846153846,7,9
724,/pɑɾd̪ˈin̪ɑs/,/pɑɾd̪ˈin̪ɑs/,0,0.0,0.0,8,8
725,/pɑɾɑiso/,/pɑɾɑˈiso/,1,0.14285714285714285,0.07692307692307693,7,7
726,/pɑɾˈed̪/,/pɑɾˈed̪/,0,0.0,0.0,5,5
727,/pɑɾˈɑblɑ/,/pɑlˈɑbɾɑ/,2,0.2857142857142857,0.19230769230769232,7,7
728,/pɑst̪ˈoɾ/,/pɑst̪ˈoɾ/,0,0.0,0.0,6,6
729,/pɑd̪ˈiʎɑ/,/pɑd̪ˈiʝɑ/,1,0.16666666666666666,0.07692307692307693,6,6
730,/posˈɑɾ/,/posˈɑɾ/,0,0.0,0.0,5,5
731,/pɑn̪ˈelɑ/,/pɑn̪ˈot͡ʃɑ/,2,0.3333333333333333,0.4807692307692308,6,6
732,/pɑn̪ˈɑɾiɑ/,/pɑn̪ˈeɾɑ/,2,0.3333333333333333,0.6346153846153846,7,6
733,/rˈombo/,/rˈomo/,1,0.25,0.4807692307692308,5,4
734,/rˈemo/,/rˈemo/,0,0.0,0.0,4,4
735,/rjˈen̪d̪ɑ/,/rjˈen̪d̪ɑ/,0,0.0,0.0,6,6
736,/rˈeɲo/,/rˈejn̪o/,2,0.4,0.5576923076923077,4,5
737,/rˈexɑ/,/rˈexɑ/,0,0.0,0.0,4,4
738,/rˈed̪/,/rˈed̪/,0,0.0,0.0,3,3
739,/rˈixje/,/rˈej/,3,1.0,0.9230769230769231,5,3
740,/rˈeed̪/,/rˈeo/,2,0.6666666666666666,0.7692307692307693,4,3
741,/rˈibɑ/,/rˈibɑ/,0,0.0,0.0,4,4
742,/rˈibo/,/rˈio/,1,0.3333333333333333,0.7307692307692307,4,3
743,/rwˈeld̪o/,/rˈoʝo/,4,1.0,1.4038461538461537,6,4
744,/rwˈed̪ɑ/,/rwˈed̪ɑ/,0,0.0,0.0,5,5
745,/rˈobɾe/,/rˈoble/,1,0.2,0.09615384615384616,5,5
746,/rˈost̪ɾo/,/rˈost̪ɾo/,0,0.0,0.0,6,6
747,/rˈubjo/,/rˈubjo/,0,0.0,0.0,5,5
748,/rˈot̪o/,/rˈot̪o/,0,0.0,0.0,4,4
749,/rwˈixo/,/rˈoxo/,2,0.5,0.6346153846153846,5,4
750,/rˈoso/,/rˈoxo/,1,0.25,0.21153846153846154,4,4
751,/rjˈeɑ/,/rˈɑbjɑ/,3,0.6,1.0384615384615385,4,5
752,/rˈiθje/,/rɑˈiθ/,3,0.75,1.3076923076923077,5,4
753,/rˈɑjxo/,/rˈɑʝo/,2,0.5,0.5576923076923077,5,4
754,/rˈiθjed̪/,/rˈɑn̪θjo/,4,0.6666666666666666,1.1346153846153846,6,6
755,/rˈɑwd̪o/,/rˈɑwd̪o/,0,0.0,0.0,5,5
756,/rˈɑβʰn̪o/,/rˈɑbɑn̪o/,2,0.3333333333333333,0.8269230769230769,5,6
757,/rˈɑɾ/,/rˈɑlo/,2,0.5,0.8269230769230769,3,4
758,/rˈɑso/,/rˈɑso/,0,0.0,0.0,4,4
759,/riθjed̪ˈɑɾ/,/reθˈɑɾ/,4,0.8,1.7115384615384615,8,5
760,/reɡobɾˈɑɾ/,/rekobɾˈɑɾ/,1,0.125,0.038461538461538464,8,8
761,/ren̪iˈon̪/,/riɲˈon̪/,3,0.6,0.8269230769230769,6,5
762,/rexˈin̪ɑ/,/rˈejn̪ɑ/,3,0.6,0.7692307692307693,6,5
763,/reˈɑl/,/reˈɑl/,0,0.0,0.0,4,4
764,/rexˈiɾ/,/reɲˈiɾ/,1,0.2,0.19230769230769232,5,5
765,/risˈoɲo/,/riswˈeɲo/,2,0.2857142857142857,0.5961538461538461,6,7
766,/ribˈɑɾiɑ/,/ribˈeɾɑ/,2,0.3333333333333333,0.6346153846153846,7,6
767,/rweld̪ˈɑɾ/,/ɑroxˈɑɾ/,5,0.8333333333333334,1.5192307692307692,7,6
768,/rwid̪ˈiʎɑ/,/rod̪ˈiʝɑ/,3,0.5,0.8076923076923077,7,6
769,/roˈeɲi/,/robˈin̪/,3,0.6,0.8653846153846154,5,5
770,/rozmɑɾˈin̪/,/romˈeɾo/,4,0.6666666666666666,1.8269230769230769,8,6
771,/rot̪ˈuɾɑ/,/rot̪ˈuɾɑ/,0,0.0,0.0,6,6
772,/roˈid̪/,/rwˈid̪o/,2,0.4,0.9038461538461539,4,5
773,/rɑˈeɾ/,/rɑˈeɾ/,0,0.0,0.0,4,4
774,/rɑθjˈemo/,/rɑθˈimo/,2,0.3333333333333333,0.46153846153846156,7,6
775,/rɑskˈɑɾ/,/rɑskˈɑɾ/,0,0.0,0.0,6,6
776,/rɑd̪iˈon̪/,/rɑθˈon̪/,2,0.4,0.7692307692307693,6,5
777,/rɑst̪ˈiʎo/,/rɑst̪ɾˈiʝo/,2,0.25,0.4423076923076923,7,8
778,/sˈemt̪ɑ/,/sˈen̪d̪ɑ/,2,0.4,0.1346153846153846,5,5
779,/seɲˈɑl/,/seɲˈɑl/,0,0.0,0.0,5,5
780,/seˈeʎo/,/sˈeʝo/,2,0.5,0.4423076923076923,5,4
781,/eskɾit̪ˈoɾ/,/eskɾit̪ˈoɾ/,0,0.0,0.0,8,8
782,/eskwˈeblo/,/eskˈoʝo/,4,0.6666666666666666,1.5192307692307692,8,6
783,/eskˈobɑ/,/eskˈobɑ/,0,0.0,0.0,6,6
784,/eskˈud̪/,/eskˈud̪o/,1,0.16666666666666666,0.7884615384615384,5,6
785,/eskˈɑlɑ/,/eskˈɑlɑ/,0,0.0,0.0,6,6
786,/eskˈɑɲo/,/eskˈɑɲo/,0,0.0,0.0,6,6
787,/θin̪t̪ˈeʎɑ/,/θen̪t̪ˈeʝɑ/,2,0.2857142857142857,0.11538461538461539,7,7
788,/eskud̪ˈiʎɑ/,/eskud̪ˈiʝɑ/,1,0.125,0.07692307692307693,8,8
789,/eskʰwˈelɑ/,/eskwˈelɑ/,1,0.14285714285714285,0.038461538461538464,7,7
790,/espˈiθje/,/espˈeθje/,1,0.14285714285714285,0.038461538461538464,7,7
791,/espˈel/,/espˈexo/,2,0.3333333333333333,0.9615384615384616,5,6
792,/espˈeso/,/espˈeso/,0,0.0,0.0,6,6
793,/espˈin̪ɑ/,/espˈin̪ɑ/,0,0.0,0.0,6,6
794,/espwˈexiɑ/,/espˈon̪xɑ/,3,0.42857142857142855,0.8653846153846154,8,7
795,/espˈoso/,/espˈoso/,0,0.0,0.0,6,6
796,/espˈosɑ/,/espˈosɑ/,0,0.0,0.0,6,6
797,/espˈumɑ/,/espˈumɑ/,0,0.0,0.0,6,6
798,/espˈɑɾt̪o/,/espˈɑɾt̪o/,0,0.0,0.0,7,7
799,/espˈeθ/,/espˈɑθjo/,3,0.42857142857142855,1.3076923076923077,5,7
800,/espˈɑld̪ɑ/,/espˈɑld̪ɑ/,0,0.0,0.0,7,7
801,/espeɾˈɑɾ/,/espeɾˈɑɾ/,0,0.0,0.0,7,7
802,/est̪ɾˈet͡ʃo/,/est̪ɾˈet͡ʃo/,0,0.0,0.0,7,7
803,/est̪ɾˈiŋɡo/,/est̪ɾˈiɲo/,2,0.2857142857142857,0.5576923076923077,8,7
804,/est̪jˈeɾkɾe/,/est̪jˈeɾkol/,2,0.2222222222222222,0.7115384615384616,9,9
805,/est̪ˈeʎɑ/,/est̪ɾˈeʝɑ/,2,0.2857142857142857,0.4423076923076923,6,7
806,/est̪ˈɑblo/,/est̪ˈɑblo/,0,0.0,0.0,7,7
807,/est̪ˈɑd̪/,/est̪ˈɑd̪o/,1,0.16666666666666666,0.7884615384615384,5,6
808,/sˈet͡ʃo/,/sˈet̪o/,1,0.25,0.15384615384615385,4,4
809,/sˈet͡ʃɑ/,/sˈed̪ɑ/,1,0.25,0.19230769230769232,4,4
810,/sjˈeɑ/,/sˈeɑ/,1,0.3333333333333333,0.4230769230769231,4,3
811,/sˈex/,/sˈejs/,2,0.5,0.6730769230769231,3,4
812,/sjˈest̪ɑ/,/sjˈest̪ɑ/,0,0.0,0.0,6,6
813,/sˈiʎɑ/,/sˈiʝɑ/,1,0.25,0.07692307692307693,4,4
814,/sˈempɾ/,/sjˈempɾe/,2,0.2857142857142857,1.0576923076923077,5,7
815,/sjˈet̪e/,/sjˈet̪e/,0,0.0,0.0,5,5
816,/sjˈerɑ/,/sjˈerɑ/,0,0.0,0.0,5,5
817,/sjˈeɾbo/,/sjˈeɾbo/,0,0.0,0.0,6,6
818,/sˈebo/,/sˈebo/,0,0.0,0.0,4,4
819,/sˈeso/,/sˈeso/,0,0.0,0.0,4,4
820,/sˈebiɑ/,/xˈibjɑ/,3,0.6,0.3269230769230769,5,5
821,/sˈee/,/sˈi/,2,1.0,0.38461538461538464,3,2
822,/sˈi/,/sˈi/,0,0.0,0.0,2,2
823,/sˈeko/,/sˈeko/,0,0.0,0.0,4,4
824,/sˈelbɑ/,/sˈelbɑ/,0,0.0,0.0,5,5
825,/sˈen̪/,/sˈin̪/,1,0.3333333333333333,0.038461538461538464,3,3
826,/sˈen̪/,/sˈen̪o/,1,0.25,0.7307692307692307,3,4
827,/sˈed̪/,/sˈed̪/,0,0.0,0.0,3,3
828,/sˈeɲo/,/sˈeɲo/,0,0.0,0.0,4,4
829,/sˈeɲɑ/,/sˈeɲɑ/,0,0.0,0.0,4,4
830,/swˈeɾɑ/,/swˈeɡɾɑ/,1,0.16666666666666666,0.5576923076923077,5,6
831,/swˈed̪/,/swˈeld̪o/,2,0.3333333333333333,1.2692307692307692,4,6
832,/swˈel/,/swˈelo/,1,0.2,0.7307692307692307,4,5
833,/swˈet͡ʃo/,/swˈelt̪o/,2,0.3333333333333333,0.6730769230769231,5,6
834,/sˈoɲo/,/swˈeɲo/,2,0.4,0.5961538461538461,4,5
835,/swˈeɲo/,/swˈeɲo/,0,0.0,0.0,5,5
836,/swˈeɾt̪e/,/swˈeɾt̪e/,0,0.0,0.0,6,6
837,/sˈol/,/sˈol/,0,0.0,0.0,3,3
838,/swˈiko/,/sˈuɾko/,2,0.4,0.4423076923076923,5,5
839,/sˈomɑ/,/sˈomɑ/,0,0.0,0.0,4,4
840,/sˈobɾ/,/sˈobɾe/,1,0.2,0.5961538461538461,4,5
841,/sˈoɾd̪o/,/sˈoɾd̪o/,0,0.0,0.0,5,5
842,/sˈuθjed̪/,/sˈuθjo/,2,0.4,0.7692307692307693,6,5
843,/sˈuɡo/,/sˈuɡo/,0,0.0,0.0,4,4
844,/sˈɑko/,/sˈɑko/,0,0.0,0.0,4,4
845,/sˈexo/,/sˈɑxo/,1,0.25,0.11538461538461539,4,4
846,/sˈɑl/,/sˈɑl/,0,0.0,0.0,3,3
847,/sˈɑlθje/,/sˈɑwθe/,2,0.4,0.7692307692307693,6,5
848,/sˈot̪o/,/sˈot̪o/,0,0.0,0.0,4,4
849,/sˈɑŋɡbn̪e/,/sˈɑn̪ɡɾe/,3,0.5,0.6923076923076923,7,6
850,/sˈɑwd̪o/,/sˈɑbjo/,2,0.4,0.6346153846153846,5,5
851,/sˈɑbiɑ/,/sˈepɑ/,3,0.75,0.6923076923076923,5,4
852,/sˈɑbwe/,/sˈope/,3,0.75,0.7307692307692307,5,4
853,/sˈemɑ/,/sˈomɑ/,1,0.25,0.15384615384615385,4,4
854,/set͡ʃˈeθ/,/θed̪ˈɑθo/,4,0.6666666666666666,1.1538461538461537,5,6
855,/siˈeɾ/,/sˈeɾ/,1,0.3333333333333333,0.5384615384615384,4,3
856,/seˈilɑ/,/sˈixɑ/,2,0.5,0.7884615384615384,5,4
857,/siɡɾt̪ˈɑd̪/,/seɡuɾid̪ˈɑd̪/,4,0.4444444444444444,1.5961538461538463,7,9
858,/sebˈen̪t̪e/,/siɡjˈen̪t̪e/,3,0.375,0.5384615384615384,7,8
859,/sjeɡˈun̪d̪o/,/sˌeɡˈun̪d̪o/,2,0.2857142857142857,0.5,8,7
860,/sjeɡˈɑɾ/,/seɡˈɑɾ/,1,0.2,0.46153846153846156,6,5
861,/sen̪iˈoɾ/,/seɲˈoɾ/,2,0.4,0.7884615384615384,6,5
862,/sen̪t̪mˈen̪t̪o/,/sen̪t̪imjˈen̪t̪o/,2,0.18181818181818182,1.1346153846153846,9,11
863,/sjen̪ˈɑd̪/,/sen̪ˈɑd̪o/,2,0.3333333333333333,1.25,6,6
864,/sjet̪mˈɑn̪ɑ/,/semˈɑn̪ɑ/,2,0.3333333333333333,1.1346153846153846,8,6
865,/esɾmˈon̪/,/seɾmon̪/,3,0.5,0.8461538461538461,6,6
866,/semˈen̪t̪e/,/simjˈen̪t̪e/,2,0.25,0.40384615384615385,7,8
867,/seˈeʎo/,/sˈeʝo/,2,0.5,0.4423076923076923,5,4
868,/suθjed̪ˈɑd̪/,/soθjed̪ˈɑd̪/,1,0.125,0.038461538461538464,8,8
869,/ʎbˈeɾ/,/solbˈeɾ/,3,0.5,1.7115384615384615,4,6
870,/swˈet͡ʃo/,/swˈelt̪o/,2,0.3333333333333333,0.6730769230769231,5,6
871,/swen̪ˈoɾ/,/son̪ˈoɾo/,3,0.5,1.4423076923076923,6,6
872,/ʎd̪ˈɑɾjo/,/solt̪ˈeɾo/,6,0.8571428571428571,2.076923076923077,6,7
873,/sokɑˈɑɾ/,/sokɑbˈɑɾ/,1,0.14285714285714285,0.7692307692307693,6,7
874,/sovɾˈiɾ/,/sufɾˈiɾ/,2,0.3333333333333333,0.07692307692307693,6,6
875,/sot͡ʃˈɑɾ/,/soplˈɑɾ/,2,0.3333333333333333,0.8653846153846154,5,6
876,/sobˈeɾbiɑ/,/sobˈeɾbjɑ/,1,0.125,0.07692307692307693,8,8
877,/suspˈet͡ʃɑ/,/sospˈet͡ʃɑ/,1,0.14285714285714285,0.038461538461538464,7,7
878,/sud̪ˈoɾ/,/sud̪ˈoɾ/,0,0.0,0.0,5,5
879,/ʎmˈoɾiɑ/,/sɑlmwˈeɾɑ/,6,0.75,2.3461538461538463,6,8
880,/ʎˈud̪/,/sɑlˈud̪/,3,0.6,1.6346153846153846,3,5
881,/set͡ʃˈɑɾ/,/sɑn̪t̪iɡwˈɑɾ/,6,0.6666666666666666,2.5384615384615383,5,9
882,/sɑŋɡbˈeɲo/,/sɑn̪ɡwˈeɲo/,2,0.25,0.4807692307692308,8,8
883,/sɑbˈon̪/,/xɑbˈon̪/,1,0.2,0.21153846153846154,5,5
884,/sɑbˈoɾ/,/sɑbˈoɾ/,0,0.0,0.0,5,5
885,/esɾmˈen̪t̪o/,/sɑɾmjˈen̪t̪o/,3,0.3333333333333333,1.1730769230769231,8,9
886,/esɾt̪ˈɑɲi/,/sɑɾt̪ˈen̪/,5,0.8333333333333334,1.5769230769230769,7,6
887,/sɑˈet̪ɑ/,/sɑˈet̪ɑ/,0,0.0,0.0,5,5
888,/sɑˈin̪ɑ/,/sɑˈin̪ɑ/,0,0.0,0.0,5,5
889,/sɑn̪t̪ˈɑd̪/,/sɑn̪id̪ˈɑd̪/,2,0.2857142857142857,0.7884615384615384,6,7
890,/set͡ʃiˈon̪/,/sɑn̪θjon̪/,5,0.7142857142857143,0.9038461538461539,6,7
891,/t̪emˈoɾ/,/t̪emˈoɾ/,0,0.0,0.0,5,5
892,/t̪ɾˈeiθje/,/t̪ɾˈeθe/,2,0.4,0.9230769230769231,7,5
893,/t̪ɾˈes/,/t̪ɾˈes/,0,0.0,0.0,4,4
894,/t̪ɾˈeblo/,/t̪ɾˈiʝo/,3,0.6,0.8653846153846154,6,5
895,/t̪ɾˈiɡo/,/t̪ɾˈiɡo/,0,0.0,0.0,5,5
896,/t̪ɾwˈit͡ʃɑ/,/t̪ɾˈut͡ʃɑ/,2,0.4,0.7115384615384616,6,5
897,/t̪ɾwˈelɑ/,/t̪ɾˈoʝɑ/,3,0.6,0.9423076923076923,6,5
898,/t̪ɾˈuŋt͡ʃo/,/t̪ɾˈon̪t͡ʃo/,2,0.3333333333333333,0.21153846153846154,6,6
899,/t̪ɾˈuŋko/,/t̪ɾon̪ko/,2,0.3333333333333333,0.28846153846153844,6,6
900,/t̪ɾen̪d̪iˈɑɾ/,/t̪ɾen̪θˈɑɾ/,2,0.2857142857142857,0.7307692307692307,8,7
901,/t̪ɾest̪ˈed̪iɑ/,/t̪ɾist̪ˈeθɑ/,3,0.375,0.6923076923076923,9,8
902,/t̪ɾed̪ˈoɾ/,/t̪ɾɑjd̪ˈoɾ/,2,0.2857142857142857,0.6730769230769231,6,7
903,/t̪ˈet͡ʃo/,/t̪ˈet͡ʃo/,0,0.0,0.0,4,4
904,/t̪ˈemws/,/t̪jˈempo/,3,0.5,1.2884615384615385,5,6
905,/t̪jˈen̪d̪ɾo/,/t̪jˈeɾn̪o/,3,0.5,0.4807692307692308,7,6
906,/t̪jˈewd̪o/,/t̪ˈibjo/,4,0.8,1.0961538461538463,6,5
907,/t̪ˈibjɑ/,/t̪ˈibjɑ/,0,0.0,0.0,5,5
908,/t̪jˈerɑ/,/t̪jˈerɑ/,0,0.0,0.0,5,5
909,/t̪ˈelɑ/,/t̪ˈelɑ/,0,0.0,0.0,4,4
910,/t̪ˈeso/,/t̪jˈeso/,1,0.2,0.4807692307692308,4,5
911,/t̪ˈexɑ/,/t̪ˈexɑ/,0,0.0,0.0,4,4
912,/t̪ˈen̪iɑ/,/t̪ˈiɲɑ/,3,0.75,0.7115384615384616,5,4
913,/t̪ˈit͡ʃo/,/t̪ˈin̪t̪o/,2,0.4,0.6730769230769231,4,5
914,/t̪wˈeɾt̪o/,/t̪wˈeɾt̪o/,0,0.0,0.0,6,6
915,/t̪ˈod̪/,/t̪ˈod̪o/,1,0.25,0.7884615384615384,3,4
916,/t̪ˈon̪ɡɑ/,/t̪ˈon̪ɡɑ/,0,0.0,0.0,5,5
917,/t̪ˈoɾwd̪o/,/t̪ˈuɾbjo/,3,0.5,0.6730769230769231,6,6
918,/t̪ˈor/,/t̪ore/,2,0.5,0.6153846153846154,3,4
919,/t̪ˈose/,/t̪ˈos/,1,0.3333333333333333,0.6538461538461539,4,3
920,/t̪ˈɑblɑ/,/t̪ˈɑblɑ/,0,0.0,0.0,5,5
921,/t̪ˈɑbn̪o/,/t̪ˈɑbɑn̪o/,1,0.16666666666666666,0.7307692307692307,5,6
922,/t̪ˈexo/,/t̪ˈexo/,0,0.0,0.0,4,4
923,/t̪ˈɑn̪/,/t̪ˈɑn̪/,0,0.0,0.0,3,3
924,/t̪ˈɑn̪t̪o/,/t̪ˈɑn̪t̪o/,0,0.0,0.0,5,5
925,/t̪ˈɑŋɡo/,/t̪ˈɑn̪ɡo/,1,0.2,0.17307692307692307,5,5
926,/t̪ˈɑɾd̪e/,/t̪ˈɑɾd̪e/,0,0.0,0.0,5,5
927,/t̪ˈoɾ/,/t̪oɾo/,2,0.5,0.8269230769230769,3,4
928,/t̪exˈeɾ/,/t̪exˈeɾ/,0,0.0,0.0,5,5
929,/t̪empɾˈɑn̪/,/t̪empɾˈɑn̪o/,1,0.125,0.7307692307692307,7,8
930,/t̪emt̪ɑd̪iˈon̪/,/t̪en̪t̪ɑθjˈon̪/,3,0.3333333333333333,0.2692307692307692,9,9
931,/t̪in̪jˈebɾɑs/,/t̪in̪jˈeblɑs/,1,0.1111111111111111,0.09615384615384616,9,9
932,/t̪erˈuɲo/,/t̪erˈuɲo/,0,0.0,0.0,6,6
933,/t̪eɾt̪iˈɑɾjo/,/t̪eɾθˈeɾo/,4,0.5714285714285714,1.3269230769230769,9,7
934,/t̪weɾmˈen̪t̪ɑ/,/t̪oɾmˈen̪t̪ɑ/,2,0.25,0.7115384615384616,9,8
935,/t̪wiˈeʎo/,/t̪obˈiʝo/,4,0.6666666666666666,0.6153846153846154,6,6
936,/t̪ɑst̪ˈɑɾ/,/t̪ɑst̪ˈɑɾ/,0,0.0,0.0,6,6
937,/t̪exˈon̪/,/t̪exˈon̪/,0,0.0,0.0,5,5
938,/t̪ɑmˈɑɲo/,/t̪ɑmˈɑɲo/,0,0.0,0.0,6,6
939,/t̪ʰesˈoɾ/,/t̪esoɾo/,3,0.5,0.8653846153846154,5,6
940,/bexˈiɡɑ/,/bexˈiɡɑ/,0,0.0,0.0,6,6
941,/beθˈin̪/,/beθˈin̪o/,1,0.16666666666666666,0.7307692307692307,5,6
942,/bˈɑɲɑ/,/bˈɑjn̪ɑ/,2,0.4,0.6730769230769231,4,5
943,/bjˈen̪d̪ɾs/,/bjˈeɾn̪es/,3,0.42857142857142855,0.5961538461538461,7,7
944,/bˈen̪i/,/bˈen̪/,1,0.3333333333333333,0.6538461538461539,4,3
945,/bˈen̪t̪ɾe/,/bjˈen̪t̪ɾe/,1,0.14285714285714285,0.4230769230769231,6,7
946,/bˈen̪t̪o/,/bjˈen̪t̪o/,1,0.16666666666666666,0.4230769230769231,5,6
947,/bjˈeɾbo/,/bˈeɾbo/,1,0.2,0.4230769230769231,6,5
948,/bjˈespɾɑ/,/bˈispeɾɑ/,3,0.42857142857142855,1.0384615384615385,7,7
949,/bjˈespɑ/,/bˈispɑ/,2,0.4,0.46153846153846156,6,5
950,/bjˈeld̪o/,/bjˈexo/,2,0.4,0.75,6,5
951,/bˈen̪zd̪ɑ/,/bˈen̪t̪ɑ/,2,0.4,0.3269230769230769,6,5
952,/bˈiɑ/,/bˈeɑ/,1,0.3333333333333333,0.038461538461538464,3,3
953,/bˈiθje/,/bˈeθ/,3,1.0,0.8461538461538461,5,3
954,/bˈeʎo/,/bˈeʝo/,1,0.25,0.07692307692307693,4,4
955,/bˈeɾd̪iɑ/,/bˈeɾθɑ/,2,0.4,0.6538461538461539,6,5
956,/bˈeɾd̪e/,/bˈeɾd̪e/,0,0.0,0.0,5,5
957,/bˈeθ/,/bˈeθo/,1,0.25,0.7692307692307693,3,4
958,/bˈid̪ɾjo/,/bˈid̪ɾjo/,0,0.0,0.0,6,6
959,/bˈet̪ɑ/,/bˈet̪ɑ/,0,0.0,0.0,4,4
960,/bˈit͡ʃo/,/bˈit̪o/,1,0.25,0.15384615384615385,4,4
961,/bˈen̪iɑ/,/bˈiɲɑ/,3,0.75,0.7115384615384616,5,4
962,/bˈin̪/,/bˈin̪o/,1,0.25,0.7307692307692307,3,4
963,/bˈiso/,/bˈiso/,0,0.0,0.0,4,4
964,/bˈid̪/,/bˈid̪/,0,0.0,0.0,3,3
965,/bˈid̪ɑ/,/bˈid̪ɑ/,0,0.0,0.0,4,4
966,/bwˈet͡ʃɑ/,/bwˈelt̪ɑ/,2,0.3333333333333333,0.6730769230769231,5,6
967,/bˈuθje/,/bˈoθ/,3,1.0,0.8461538461538461,5,3
968,/bwˈid͡ʒɾe/,/bwˈit̪ɾe/,1,0.16666666666666666,0.19230769230769232,6,6
969,/bˈɑkɑ/,/bˈɑkɑ/,0,0.0,0.0,4,4
970,/bˈɑɡo/,/bˈɑɡo/,0,0.0,0.0,4,4
971,/bˈols/,/bˈɑʝes/,3,0.6,0.9615384615384616,4,5
972,/bˈolɑ/,/bˈɑʝɑ/,2,0.5,0.36538461538461536,4,4
973,/bjen̪ˈen̪/,/ben̪ˈen̪o/,2,0.3333333333333333,1.1538461538461537,6,6
974,/bjeɾɡˈon̪d̪iɑ/,/beɾɡwˈen̪θɑ/,5,0.5555555555555556,1.3653846153846154,10,9
975,/bjeɾmˈel/,/beɾmˈexo/,3,0.42857142857142855,1.3846153846153846,7,7
976,/best̪ˈid̪/,/best̪ˈid̪o/,1,0.14285714285714285,0.7884615384615384,6,7
977,/beɾt̪ˈɑd̪/,/veɾd̪ˈɑd̪/,2,0.3333333333333333,0.1346153846153846,6,6
978,/besˈiɡɑ/,/bexˈiɡɑ/,1,0.16666666666666666,0.21153846153846154,6,6
979,/beθˈin̪/,/beθˈin̪o/,1,0.16666666666666666,0.7307692307692307,5,6
980,/bin̪zɡˈɑɾ/,/ben̪ɡˈɑɾ/,2,0.3333333333333333,0.46153846153846156,7,6
981,/ben̪d̪ˈemiɑ/,/ben̪d̪ˈimjɑ/,2,0.25,0.11538461538461539,8,8
982,/biθjˈel/,/ben̪θˈexo/,5,0.7142857142857143,1.2884615384615385,6,7
983,/beɾt̪ˈud̪/,/biɾt̪ˈud̪/,1,0.16666666666666666,0.038461538461538464,6,6
984,/beɾxjˈen̪/,/bˈiɾxen̪/,3,0.5,0.5192307692307693,7,6
985,/bexˈin̪t̪e/,/bˈejn̪t̪e/,3,0.5,0.7692307692307693,7,6
986,/bweln̪t̪ˈɑd̪/,/bolun̪t̪ˈɑd̪/,3,0.375,0.8461538461538461,8,8
987,/bebˈɑd̪ɑ/,/bɑɡwˈɑd̪ɑ/,3,0.42857142857142855,0.7307692307692307,6,7
988,/beθˈibo/,/bɑθˈio/,2,0.4,0.8461538461538461,6,5
989,/bɑlˈen̪t̪e/,/bɑljˈen̪t̪e/,1,0.125,0.38461538461538464,7,8
990,/bɑɾjuˈelɑ/,/biɾwˈelɑ/,3,0.42857142857142855,0.75,8,7
991,/ɑst̪ɾˈɑs/,/ɑt̪ɾˈɑs/,1,0.2,0.38461538461538464,6,5
992,/od̪ˈiɾ/,/oˈiɾ/,1,0.3333333333333333,0.8461538461538461,4,3
993,/lˈɑn̪d̪e/,/lˈɑn̪d̪e/,0,0.0,0.0,5,5
994,/lɑt̪ˈiɾ/,/lɑt̪ˈiɾ/,0,0.0,0.0,5,5
995,/ɡɾˈeko/,/ɡɾjˈeɡo/,2,0.3333333333333333,0.4423076923076923,5,6
996,/ɡɾwˈeso/,/ɡɾwˈeso/,0,0.0,0.0,6,6
997,/ɡɾˈøʎo/,/ɡɾˈiʝo/,2,0.4,0.19230769230769232,5,5
998,/ɡɾˈɑn̪d̪e/,/ɡɾˈɑn̪d̪e/,0,0.0,0.0,6,6
999,/ɡɾˈɑn̪/,/ɡɾˈɑn̪o/,1,0.2,0.7307692307692307,4,5
1000,/ɡɾˈɑd̪iɑ/,/ɡɾˈɑθjɑ/,2,0.3333333333333333,0.17307692307692307,6,6
1001,/ɡɾoɲˈiɾ/,/ɡɾuɲˈiɾ/,1,0.16666666666666666,0.038461538461538464,6,6
1002,/ɡɾed̪ˈɑd̪/,/ɡɾɑbed̪ˈɑd̪/,2,0.25,1.4615384615384615,6,8
1003,/ɡɾɑn̪ˈɑɾjo/,/ɡɾɑn̪ˈeɾo/,2,0.2857142857142857,0.6730769230769231,8,7
1004,/xjˈelu/,/ʝˈelo/,3,0.75,0.4807692307692308,5,4
1005,/xjˈemɑ/,/ʝˈemɑ/,2,0.5,0.4423076923076923,5,4
1006,/xjˈen̪d̪ɾo/,/ʝˈeɾn̪o/,5,1.0,0.9230769230769231,7,5
1007,/xjˈen̪t̪e/,/xˈen̪t̪e/,1,0.2,0.3269230769230769,6,5
1008,/xjˈeso/,/ʝˈeso/,2,0.5,0.4423076923076923,5,4
1009,/ɡwˈiɑ/,/ɡˈubjɑ/,3,0.6,0.8461538461538461,4,5
1010,/ɡˈoɾd̪o/,/ɡˈoɾd̪o/,0,0.0,0.0,5,5
1011,/ɡˈot̪ɑ/,/ɡˈot̪ɑ/,0,0.0,0.0,4,4
1012,/ɡˈolɡo/,/ɡˈɑlɡo/,1,0.2,0.11538461538461539,5,5
1013,/ɡˈol/,/ɡˈɑʝo/,3,0.75,1.0769230769230769,3,4
1014,/ɡˈuxjo/,/ɡˈoθo/,3,0.75,0.6923076923076923,5,4
1015,/xjelˈɑɾ/,/elˈɑɾ/,2,0.5,0.7884615384615384,6,4
1016,/xin̪jˈest̪ɑ/,/in̪jˈest̪ɑ/,1,0.14285714285714285,0.5384615384615384,8,7
1017,/xjeɾmˈɑn̪/,/eɾmˈɑn̪o/,3,0.5,1.5192307692307692,7,6
1018,/xexˈiɑ/,/en̪θˈiɑ/,3,0.6,0.8076923076923077,5,5
1019,/ɡweɾn̪ɑd̪ˈoɾ/,/ɡobeɾn̪ɑd̪ˈoɾ/,2,0.2,0.8076923076923077,9,10
1020,/ɡolˈoso/,/ɡolˈoso/,0,0.0,0.0,6,6
1021,/ɡoɾɡliˈon̪/,/ɡoɾɡˈoxo/,4,0.5714285714285714,1.5192307692307692,8,7
1022,/xyɾˈɑɾ/,/xiɾˈɑɾ/,1,0.2,0.07692307692307693,5,5
1023,/ɡulˈiʎo/,/ɡɑlˈiʝo/,2,0.3333333333333333,0.23076923076923078,6,6
1024,/ɡolˈin̪ɑ/,/ɡɑʝˈin̪ɑ/,2,0.3333333333333333,0.36538461538461536,6,6
1025,/ɡɑɲˈid̪/,/ɡɑɲˈid̪o/,1,0.16666666666666666,0.7884615384615384,5,6
1026,/ˈeɾ/,/ˈɑjɾe/,3,0.75,1.2307692307692308,2,4
1027,/ˈebɑ/,/ʝˈeɡwɑ/,3,0.6,1.1153846153846154,3,5
1028,/jˈeɾmo/,/ʝˈeɾmo/,1,0.2,0.09615384615384616,5,5
1029,/ˈeskɑ/,/ʝˈeskɑ/,1,0.2,0.5,4,5
1030,/ˈebɾo/,/ˈebɾo/,0,0.0,0.0,4,4
1031,/ˈeʎs/,/ˈeʝos/,2,0.5,0.9038461538461539,3,4
1032,/ˈeʎɑs/,/ˈeʝɑs/,1,0.25,0.07692307692307693,4,4
1033,/ˈemt͡ʃio/,/ˈin̪t͡ʃo/,3,0.75,0.7307692307692307,5,4
1034,/ˈen̪/,/ˈen̪/,0,0.0,0.0,2,2
1035,/ˈimt͡ʃo/,/ˈin̪t͡ʃo/,1,0.25,0.09615384615384616,4,4
1036,/ˈin̪t̪ɾ/,/ˈen̪t̪ɾe/,2,0.4,0.6346153846153846,4,5
1037,/ˈese/,/ˈese/,0,0.0,0.0,3,3
1038,/ˈeso/,/ˈeso/,0,0.0,0.0,3,3
1039,/ˈest̪e/,/ˈest̪e/,0,0.0,0.0,4,4
1040,/ˈest̪o/,/ˈest̪o/,0,0.0,0.0,4,4
1041,/ˈizlɑ/,/ˈislɑ/,1,0.25,0.038461538461538464,4,4
1042,/ˈiŋɡn̪e/,/ˈin̪ɡle/,2,0.4,0.28846153846153844,5,5
1043,/ˈiɾɑ/,/ˈiɾɑ/,0,0.0,0.0,3,3
1044,/wˈeko/,/wˈeko/,0,0.0,0.0,4,4
1045,/wˈet͡ʃo/,/ˈot͡ʃo/,2,0.6666666666666666,0.75,4,3
1046,/wˈel/,/ˈoxo/,3,1.0,0.8269230769230769,3,3
1047,/wˈebɾɑ/,/wˈebɾɑ/,0,0.0,0.0,5,5
1048,/ˈoɾn̪d̪e/,/ˈoɾd̪en̪/,2,0.4,0.8076923076923077,5,5
1049,/wˈeso/,/ˈoso/,2,0.6666666666666666,0.7692307692307693,4,3
1050,/wˈeɾt̪o/,/wˈeɾt̪o/,0,0.0,0.0,5,5
1051,/wˈeso/,/wˈeso/,0,0.0,0.0,4,4
1052,/ˈo/,/wˈebo/,4,1.0,2.0384615384615383,1,4
1053,/wˈemo/,/ˈolmo/,2,0.5,0.4230769230769231,4,4
1054,/wˈit͡ʃmo/,/ult̪imo/,4,0.6666666666666666,1.3461538461538463,5,6
1055,/ˈun̪θje/,/ˈon̪θe/,2,0.5,0.46153846153846156,5,4
1056,/wˈeθiɑ/,/ˈon̪θɑ/,3,0.75,0.9615384615384616,5,4
1057,/wˈit͡ʃo/,/ˈun̪t̪o/,3,0.75,0.5769230769230769,4,4
1058,/ˈuŋɡlɑ/,/uɲɑ/,4,1.3333333333333333,1.1538461538461537,5,3
1059,/ˈoso/,/ˈoso/,0,0.0,0.0,3,3
1060,/ˈubɾe/,/ubɾe/,1,0.25,0.07692307692307693,4,4
1061,/ˈuso/,/uso/,1,0.3333333333333333,0.07692307692307693,3,3
1062,/wˈɑ/,/ˈubɑ/,3,1.0,0.9230769230769231,2,3
1063,/ˈɑ/,/ˈɑ/,0,0.0,0.0,1,1
1064,/ˈɑt͡ʃo/,/ˈɑʝo/,1,0.3333333333333333,0.23076923076923078,3,3
1065,/ˈɑbɾɡo/,/ˈɑbɾeɡo/,1,0.16666666666666666,0.6730769230769231,5,6
1066,/ˈeɾ/,/ˈɑɾθe/,3,0.75,1.25,2,4
1067,/ˈɑθje/,/ˈɑθ/,2,1.0,0.8076923076923077,4,2
1068,/ˈexe/,/ˈexe/,0,0.0,0.0,3,3
1069,/ˈebɑ/,/ˈɑɡwɑ/,3,0.75,0.7307692307692307,3,4
1070,/ˈɑl/,/ˈɑl/,0,0.0,0.0,2,2
1071,/ˈɑlebo/,/ˈɑlɡo/,2,0.5,0.8076923076923077,5,4
1072,/ˈod̪ɾo/,/ˈot̪ɾo/,1,0.25,0.038461538461538464,4,4
1073,/ˈot̪o/,/ˈɑlt̪o/,2,0.5,0.6730769230769231,3,4
1074,/ˈɑlɑ/,/ˈɑlɑ/,0,0.0,0.0,3,3
1075,/ˈɑmss/,/ˈɑn̪d̪es/,3,0.6,0.9807692307692307,4,5
1076,/ˈɑmt͡ʃo/,/ˈɑn̪t͡ʃo/,1,0.25,0.09615384615384616,4,4
1077,/ˈɑmɑ/,/ˈɑlmɑ/,1,0.25,0.5192307692307693,3,4
1078,/ˈɑŋksiɑ/,/ˈɑn̪sjɑ/,3,0.6,0.6923076923076923,6,5
1079,/ˈɑɲo/,/ˈɑɲo/,0,0.0,0.0,3,3
1080,/ˈɑsɑ/,/ˈɑsɑ/,0,0.0,0.0,3,3
1081,/ˈɑn̪/,/ˈɑn̪o/,1,0.3333333333333333,0.7307692307692307,2,3
1082,/ˈepo/,/ˈɑpjo/,2,0.5,0.7307692307692307,3,4
1083,/ˈɑɾbɾe/,/ˈɑɾbol/,2,0.4,0.7115384615384616,5,5
1084,/ˈɑɾiɑ/,/ˈeɾɑ/,2,0.6666666666666666,0.6346153846153846,4,3
1085,/ˈɑjθiˈon̪/,/ɑɾθˈon̪/,3,0.6,1.0192307692307692,6,5
1086,/ˈɑɾko/,/ˈɑɾko/,0,0.0,0.0,4,4
1087,/ˈɑzn̪o/,/ˈɑsn̪o/,1,0.25,0.038461538461538464,4,4
1088,/ˈɑst̪ɾo/,/ˈɑst̪ɾo/,0,0.0,0.0,5,5
1089,/ˈɑzmɑ/,/ˈɑsmɑ/,1,0.25,0.038461538461538464,4,4
1090,/ˈe/,/ˈɑbe/,3,1.0,1.4615384615384615,1,3
1091,/eˈeso/,/ɑbjˈeso/,3,0.5,1.2307692307692308,4,6
1092,/ˈoɾd̪iˈɑɾ/,/oɾeˈɑɾ/,3,0.6,0.5961538461538461,6,5
1093,/ˈoɾ/,/ˈoɾo/,1,0.3333333333333333,0.75,2,3
1094,/ˈoɾˈelɑ/,/oɾˈexɑ/,2,0.4,0.36538461538461536,5,5
1095,/ˈo/,/ˈo/,0,0.0,0.0,1,1
1096,/ekot̪ˈɑd̪/,/iɡwɑld̪ˈɑd̪/,6,0.75,1.2115384615384615,6,8
1097,/ekˈɑl/,/iɡwˈɑl/,3,0.6,0.5384615384615384,4,5
1098,/est̪ˈibo/,/est̪ˈio/,1,0.2,0.7307692307692307,6,5
1099,/et͡ʃˈɑd̪/,/ed̪ˈɑd̪/,1,0.25,0.19230769230769232,4,4
1100,/jet͡ʃˈesiɑ/,/iɡlˈesjɑ/,4,0.5714285714285714,0.8269230769230769,7,7
1101,/jeskɑɾt̪iˈɑɾ/,/eskɑɾθˈɑɾ/,3,0.375,1.1538461538461537,10,8
1102,/exˈemt͡ʃo/,/exˈemplo/,2,0.2857142857142857,0.7692307692307693,6,7
1103,/exˈid̪/,/exˈid̪o/,1,0.2,0.7884615384615384,4,5
1104,/jerˈoɾ/,/erˈoɾ/,1,0.25,0.4230769230769231,5,4
1105,/eɾˈiθ/,/eɾˈiθo/,1,0.2,0.7692307692307693,4,5
1106,/impɾɑd̪ˈoɾ/,/empeɾɑd̪ˈoɾ/,2,0.2222222222222222,0.75,8,9
1107,/impwˈest̪o/,/impwˈest̪o/,0,0.0,0.0,8,8
1108,/impwˈixo/,/empˈuxo/,3,0.5,0.6346153846153846,7,6
1109,/impwˈixɑ/,/empˈuxɑ/,3,0.5,0.6346153846153846,7,6
1110,/in̪d̪ˈet͡ʃɑ/,/en̪d̪ˈet͡ʃɑ/,1,0.16666666666666666,0.038461538461538464,6,6
1111,/in̪d̪ˈelɑ/,/en̪d̪ˈexɑ/,2,0.3333333333333333,0.3269230769230769,6,6
1112,/emˈiɡo/,/en̪emˈiɡo/,2,0.2857142857142857,1.1923076923076923,5,7
1113,/iθjˈeɾt̪o/,/in̪θjˈeɾt̪o/,1,0.125,0.46153846153846156,7,8
1114,/eθˈit͡ʃɑ/,/en̪θˈin̪t̪ɑ/,3,0.42857142857142855,1.0961538461538463,5,7
1115,/enlˈebiɑ/,/en̪lˈɑθɑ/,4,0.6666666666666666,0.8846153846153846,7,6
1116,/in̪t̪ɾˈɑn̪iɑ/,/en̪t̪ɾˈɑɲɑ/,3,0.42857142857142855,0.7115384615384616,8,7
1117,/in̪t̪ˈeɾ/,/en̪t̪ˈeɾo/,2,0.3333333333333333,0.7884615384615384,5,6
1118,/iŋɡɑɲˈɑɾ/,/en̪ɡɑɲˈɑɾ/,2,0.2857142857142857,0.21153846153846154,7,7
1119,/ixjen̪d̪ɾˈɑɾ/,/en̪xen̪d̪ɾˈɑɾ/,3,0.3333333333333333,0.5384615384615384,9,9
1120,/ed̪ɾˈɑɾ/,/ed̪ɾˈɑɾ/,0,0.0,0.0,5,5
1121,/imfjˈeɾn̪o/,/in̪fjˈeɾn̪o/,1,0.125,0.09615384615384616,8,8
1122,/weoɡˈɑɾ/,/ɑoɡˈɑɾ/,2,0.4,0.6538461538461539,6,5
1123,/wekˈɑso/,/okˈɑso/,2,0.4,0.7692307692307693,6,5
1124,/webɾˈɑɾjo/,/obɾˈeɾo/,4,0.6666666666666666,1.4038461538461537,8,6
1125,/oˈelɑ/,/obˈexɑ/,2,0.4,0.9807692307692307,4,5
1126,/oɾd̪ˈeɲo/,/oɾd̪ˈeɲo/,0,0.0,0.0,6,6
1127,/oɾd̪ˈiɾ/,/uɾd̪ˈiɾ/,1,0.2,0.038461538461538464,5,5
1128,/umblˈiɡo/,/omblˈiɡo/,1,0.14285714285714285,0.038461538461538464,7,7
1129,/oɾt̪ˈiɡɑ/,/oɾt̪ˈiɡɑ/,0,0.0,0.0,6,6
1130,/oɾˈin̪ɑ/,/oɾˈin̪ɑ/,0,0.0,0.0,5,5
1131,/ɑbɾeθiˈɑɾ/,/ɑbɾɑθˈɑɾ/,2,0.2857142857142857,0.7307692307692307,8,7
1132,/ɑbɑd̪ˈesɑ/,/ɑbɑd̪ˈesɑ/,0,0.0,0.0,7,7
1133,/ɑbˈɑd̪/,/ɑbˈɑd̪/,0,0.0,0.0,4,4
1134,/ɑɑn̪t̪iˈɑɾ/,/ɑbɑn̪θˈɑɾ/,3,0.42857142857142855,1.2884615384615385,7,7
1135,/eˈeɾ/,/ɑʝˈeɾ/,2,0.5,0.6538461538461539,3,4
1136,/ɑzbiˈɑɾ/,/ɑbjˈɑɾ/,2,0.4,0.6538461538461539,6,5
1137,/ɑzbweɡɑd̪ˈoɾ/,/ɑboɡɑd̪ˈoɾ/,3,0.375,1.3076923076923077,10,8
1138,/ɑzbjˈeso/,/ɑbjˈeso/,1,0.16666666666666666,0.5769230769230769,7,6
1139,/ɑzbjoɾɡˈɑɾ/,/ɑbeɾiɡwˈɑɾ/,5,0.5555555555555556,1.4615384615384615,9,9
1140,/ɑn̪d̪ˈɑɾ/,/ɑwn̪ˈɑɾ/,2,0.4,0.4807692307692308,5,5
1141,/ɑvɾˈon̪t̪ɑ/,/ɑfɾˈen̪t̪ɑ/,2,0.2857142857142857,0.19230769230769232,7,7
1142,/ɑvɾˈet͡ʃo/,/ɑfɾˈet͡ʃo/,1,0.16666666666666666,0.038461538461538464,6,6
1143,/eθiˈɑɾjo/,/ɑθˈeɾo/,4,0.8,1.3846153846153846,7,5
1144,/iθjˈen̪t̪o/,/ɑθˈen̪t̪o/,2,0.3333333333333333,0.5769230769230769,7,6
1145,/iθjet̪ˈoɾ/,/ɑθˈoɾ/,4,1.0,1.8461538461538463,7,4
1146,/ɑkwid̪ˈɑɾ/,/ɑkod̪ˈɑɾ/,2,0.3333333333333333,0.6923076923076923,7,6
1147,/ɑkɑˈeθje/,/ɑkɑˈeθe/,1,0.16666666666666666,0.4230769230769231,7,6
1148,/ɑkɑt̪ˈɑɾ/,/ɑkɑt̪ˈɑɾ/,0,0.0,0.0,6,6
1149,/ˈeblɑ/,/ˈɑɡilɑ/,3,0.6,0.9230769230769231,4,5
1150,/ebˈeθiɑ/,/ɑɡwˈɑθɑ/,5,0.8333333333333334,1.3076923076923077,6,6
1151,/ɑɡwˈilɑ/,/ɑɡˈuxɑ/,3,0.6,0.9038461538461539,6,5
1152,/ɑɡˈud̪/,/ɑɡˈud̪o/,1,0.2,0.7884615384615384,4,5
1153,/ɑlˈen̪/,/ɑxˈen̪o/,2,0.4,1.0192307692307692,4,5
1154,/uljˈo/,/ˈɑxo/,4,1.3333333333333333,1.1346153846153846,4,3
1155,/ˈod̪ɾo/,/ˈot̪ɾo/,1,0.25,0.038461538461538464,4,4
1156,/ot̪ˈɑɾjo/,/ot̪ˈeɾo/,2,0.4,0.6730769230769231,6,5
1157,/ɑlˈeɾ/,/ɑlˈeɡɾe/,2,0.3333333333333333,1.1538461538461537,4,6
1158,/ɑlɑd̪jˈeɾn̪o/,/ɑlɑd̪jˈeɾn̪o/,0,0.0,0.0,9,9
1159,/ɑmwd̪ˈɑɾ/,/ɑn̪d̪ˈɑɾ/,2,0.4,0.75,6,5
1160,/ɑmpwˈelɑ/,/ɑmpˈoʝɑ/,3,0.5,0.9423076923076923,7,6
1161,/ɑmɑɾɡˈoso/,/ɑmɑɾɡˈoso/,0,0.0,0.0,8,8
1162,/ɑmɑɾɡˈɑɾ/,/ɑɾmɑɡˈɑɾ/,2,0.2857142857142857,0.8846153846153846,7,7
1163,/ɑmɑɾˈiʎo/,/ɑmɑɾˈiʝo/,1,0.14285714285714285,0.07692307692307693,7,7
1164,/ɑmˈiɡo/,/ɑmˈiɡo/,0,0.0,0.0,5,5
1165,/ɑmˈoɾ/,/ɑmˈoɾ/,0,0.0,0.0,4,4
1166,/ɑmˈɑɾɡo/,/ɑmˈɑɾɡo/,0,0.0,0.0,6,6
1167,/ɑɲˈel/,/ɑɲˈexo/,2,0.4,0.9615384615384616,4,5
1168,/ɑn̪t̪ˈibɑ/,/ɑn̪t̪ˈiɡwɑ/,2,0.2857142857142857,0.6153846153846154,6,7
1169,/ɑn̪ɑd̪ˈelɑ/,/ɑn̪ɑd̪ˈexɑ/,1,0.14285714285714285,0.28846153846153844,7,7
1170,/ɑn̪jˈeðʰlo/,/en̪ˈeld̪o/,4,0.6666666666666666,0.8269230769230769,7,6
1171,/ɑbɾˈiɾ/,/ɑbɾˈiɾ/,0,0.0,0.0,5,5
1172,/ɑpɑɾˈel/,/ɑpɑɾˈexo/,2,0.2857142857142857,0.9615384615384616,6,7
1173,/ɑpwˈest̪o/,/ɑpwˈest̪o/,0,0.0,0.0,7,7
1174,/ɑpˈɑɾjo/,/ɑpˈeɾo/,2,0.4,0.6730769230769231,6,5
1175,/ɑbɾɡˈɑɾ/,/ɑbɾiɡˈɑɾ/,1,0.14285714285714285,0.6730769230769231,6,7
1176,/ɑbɾˈil/,/ɑbɾˈil/,0,0.0,0.0,5,5
1177,/ɑt̪ˈɑɾ/,/ɑt̪ˈɑɾ/,0,0.0,0.0,4,4
1178,/ɑbjˈeɾt̪o/,/ɑbjˈeɾt̪o/,0,0.0,0.0,7,7
1179,/ɑbˈelɑ/,/ɑbˈexɑ/,1,0.2,0.28846153846153844,5,5
1180,/ɑɾkˈɑɾjo/,/ɑɾkˈeɾo/,2,0.3333333333333333,0.6730769230769231,7,6
1181,/ɑɾmˈɑɾjo/,/ɑɾmˈeɾo/,2,0.3333333333333333,0.6730769230769231,7,6
1182,/ɑrˈet͡ʃo/,/ɑrˈet͡ʃo/,0,0.0,0.0,5,5
1183,/ɑrwˈio/,/ɑrˈojo/,2,0.4,0.19230769230769232,5,5
1184,/ɑɾt̪ˈel/,/ɑɾt̪ˈexo/,2,0.3333333333333333,0.9615384615384616,5,6
1185,/ɑɾɑn̪juˈelɑ/,/ɑɾɑɲwˈelɑ/,3,0.375,0.75,9,8
1186,/ɑɾxˈiʎɑ/,/ɑɾθˈiʝɑ/,2,0.3333333333333333,0.25,6,6
1187,/ɑɾjuˈelɑ/,/iɾwˈelɑ/,3,0.5,0.75,7,6
1188,/ɑɾˈen̪ɑ/,/ɑɾˈen̪ɑ/,0,0.0,0.0,5,5
1189,/ɑɾˈɑd̪ɾo/,/ɑɾˈɑd̪o/,1,0.2,0.4807692307692308,6,5
1190,/ɑɾˈɑn̪iɑ/,/ɑɾˈɑɲɑ/,2,0.4,0.6730769230769231,6,5
1191,/ɑzn̪ˈɑl/,/ɑsn̪ˈɑl/,1,0.2,0.038461538461538464,5,5
1192,/ɑzn̪ˈɑɾjo/,/ɑsn̪ˈeɾo/,3,0.5,0.7115384615384616,7,6
1193,/ɑθiˈɑd̪ɑ/,/ɑθˈɑd̪ɑ/,1,0.2,0.6153846153846154,6,5
1194,/ɑθjuˈelɑ/,/ɑθwˈelɑ/,2,0.3333333333333333,0.6153846153846154,7,6
1195,/ɑsˈumt̪o/,/ɑsˈun̪t̪o/,1,0.16666666666666666,0.09615384615384616,6,6
1196,/ɑsen̪t̪ˈiɾ/,/ɑsen̪t̪ˈiɾ/,0,0.0,0.0,7,7
1197,/ɑst̪ˈiʎɑ/,/ɑst̪ˈiʝɑ/,1,0.16666666666666666,0.07692307692307693,6,6
1198,/ɑst̪ˈoɾɡɑ/,/ɑst̪ˈoɾɡɑ/,0,0.0,0.0,7,7
1199,/ɑt̪ɑliˈɑɾ/,/ɑt̪ɑxˈɑɾ/,2,0.3333333333333333,0.8653846153846154,7,6
1200,/od̪ˈid̪/,/oˈid̪o/,2,0.5,1.25,4,4
1201,/okt̪ɾɡˈɑɾ/,/ot̪oɾɡˈɑɾ/,2,0.2857142857142857,0.6538461538461539,7,7
1202,/ˈokɑ/,/ˈokɑ/,0,0.0,0.0,3,3
1203,/oɾˈelɑ/,/oɾˈexɑ/,1,0.2,0.28846153846153844,5,5
1204,/oskwˈit͡ʃɑ/,/eskˈut͡ʃɑ/,3,0.5,0.8076923076923077,7,6
1205,/ot̪ˈoɲo/,/ot̪ˈoɲo/,0,0.0,0.0,5,5
1206,/ɑˈuɾjo/,/ɑɡwˈeɾo/,4,0.6666666666666666,1.2307692307692308,5,6
1207,/ɑˈost̪o/,/ɑɡˈost̪o/,1,0.16666666666666666,0.6538461538461539,5,6
1208,/ɑɲˈin̪/,/ɑɲˈin̪o/,1,0.2,0.7307692307692307,4,5
1209,/ɑˈɑθje/,/ɑbˈɑθ/,3,0.75,1.2307692307692308,5,4
1210,/ɑn̪ˈiʎo/,/ɑn̪ˈiʝo/,1,0.2,0.07692307692307693,5,5
1211,/t̪exˈɑd̪/,/t̪exˈɑd̪o/,1,0.16666666666666666,0.7884615384615384,5,6
1212,/sekˈɑn̪/,/sekˈɑn̪o/,1,0.16666666666666666,0.7307692307692307,5,6
1213,/d̪iɡwelˈɑɾ/,/d̪eɡoʝˈɑɾ/,4,0.5714285714285714,0.9423076923076923,8,7
1214,/ɑθjˈed̪/,/ɑθˈed̪o/,2,0.4,0.9230769230769231,5,5
1215,/exøt̪iˈɑɡo/,/ɑθjˈɑɡo/,5,0.8333333333333334,1.6538461538461537,8,6
1216,/ɡɾˈɑd̪/,/ɡɾˈɑd̪o/,1,0.2,0.7884615384615384,4,5
1217,/bˈɑd̪/,/bˈɑd̪o/,1,0.25,0.7884615384615384,3,4
1218,/espˈɑɾɑɡo/,/espˈɑrɑɡo/,1,0.125,0.057692307692307696,8,8
1219,/lˈot̪iɑ/,/lˈoθɑ/,2,0.5,0.6538461538461539,5,4
1220,/t̪ɑliˈɑɾ/,/t̪ɑxˈɑɾ/,2,0.4,0.8653846153846154,6,5
1221,/bˈod̪ɑ/,/bˈod̪ɑ/,0,0.0,0.0,4,4
1222,/kɑɾbˈon̪/,/kɑɾbˈon̪/,0,0.0,0.0,6,6
1223,/ˈuŋɡlɑ/,/ˈuɲɑ/,3,1.0,1.0769230769230769,5,3